IDtimetable,coursecode,IDprogramme,coursegrps,numbstudents,stdlevel,IDroom,roomname,examPERIOD,examDATE
3997,ENG105B,,46,145,100,32,"LARGE LECTURE THEATER ",08:30AM - 10:30AM,08-May-2013
3998,ENG105B,,14,140,100,35,ASSEMBLY HALL,08:30AM - 10:30AM,08-May-2013
3999,ENG105B,,34,140,100,47,FACULTY OF EDUCATION LECTURE THEATRE,08:30AM - 10:30AM,08-May-2013
4000,ENG105B,,35,140,100,48,FACULTY OF EDUCATION LECTURE THEATRE,08:30AM - 10:30AM,08-May-2013
4001,ENG105B,,10,130,100,33,ASSEMBLY HALL,08:30AM - 10:30AM,08-May-2013
4002,ENG105B,,11,120,100,44,FACULTY OF EDUCATION LECTURE THEATRE,08:30AM - 10:30AM,08-May-2013
4003,ENG105B,,12,120,100,77,CENTER FOR CONTINUING EDUCATION,08:30AM - 10:30AM,08-May-2013
4004,ENG105B,,13,120,100,78,CENTER FOR CONTINUING EDUCATION,08:30AM - 10:30AM,08-May-2013
4005,ENG105B,,45,120,100,79,CENTER FOR CONTINUING EDUCATION,08:30AM - 10:30AM,08-May-2013
4006,ENG105B,,18,115,100,80,CENTER FOR CONTINUING EDUCATION,08:30AM - 10:30AM,08-May-2013
4007,ENG105B,,3,115,100,81,CENTER FOR CONTINUING EDUCATION,08:30AM - 10:30AM,08-May-2013
4008,ENG105B,,9,112,100,82,CENTER FOR CONTINUING EDUCATION,08:30AM - 10:30AM,08-May-2013
4009,ENG105B,,1,111,100,83,CENTER FOR CONTINUING EDUCATION,08:30AM - 10:30AM,08-May-2013
4010,ENG105B,,17,111,100,84,CENTER FOR CONTINUING EDUCATION,08:30AM - 10:30AM,08-May-2013
4011,ENG105B,,2,109,100,85,CENTER FOR CONTINUING EDUCATION,08:30AM - 10:30AM,08-May-2013
4012,ENG105B,,4,104,100,86,CENTER FOR CONTINUING EDUCATION,08:30AM - 10:30AM,08-May-2013
4013,ENG105B,,43,100,100,87,CENTER FOR CONTINUING EDUCATION,08:30AM - 10:30AM,08-May-2013
4014,ENG105B,,44,100,100,49,FACULTY OF EDUCATION LECTURE THEATRE,08:30AM - 10:30AM,08-May-2013
4015,ENG105B,,42,90,100,50,FACULTY OF EDUCATION LECTURE THEATRE,08:30AM - 10:30AM,08-May-2013
4016,ENG105B,,39,90,100,29,LECTURE THEATER,08:30AM - 10:30AM,08-May-2013
4017,ENG105B,,19,90,100,46,FACULTY OF EDUCATION LECTURE THEATRE,08:30AM - 10:30AM,08-May-2013
4018,ENG105B,,20,90,100,36,CAFETERIA ROOF TOP,08:30AM - 10:30AM,08-May-2013
4019,ENG105B,,24,85,100,41,FACULTY OF EDUCATION LECTURE THEATRE,08:30AM - 10:30AM,08-May-2013
4020,ENG105B,,27,85,100,42,FACULTY OF EDUCATION LECTURE THEATRE,08:30AM - 10:30AM,08-May-2013
4021,ENG105B,,41,85,100,34,"ASSEMBLY HALL ",08:30AM - 10:30AM,08-May-2013
4022,ENG105B,,32,82,100,32,"LARGE LECTURE THEATER ",08:30AM - 10:30AM,08-May-2013
4023,ENG105B,,5,70,100,32,"LARGE LECTURE THEATER ",08:30AM - 10:30AM,08-May-2013
4024,ENG105B,,38,82,100,32,"LARGE LECTURE THEATER ",08:30AM - 10:30AM,08-May-2013
4025,ENG105B,,16,80,100,32,"LARGE LECTURE THEATER ",08:30AM - 10:30AM,08-May-2013
4026,ENG105B,,37,80,100,35,ASSEMBLY HALL,08:30AM - 10:30AM,08-May-2013
4027,ENG105B,,6,71,100,32,"LARGE LECTURE THEATER ",08:30AM - 10:30AM,08-May-2013
4028,ENG105B,,7,65,100,47,FACULTY OF EDUCATION LECTURE THEATRE,08:30AM - 10:30AM,08-May-2013
4029,ENG105B,,29,80,100,48,FACULTY OF EDUCATION LECTURE THEATRE,08:30AM - 10:30AM,08-May-2013
4030,ENG105B,,33,70,100,40,FACULTY OF EDUCATION LECTURE THEATRE,08:30AM - 10:30AM,08-May-2013
4031,ENG105B,,33,12,100,50,FACULTY OF EDUCATION LECTURE THEATRE,08:30AM - 10:30AM,08-May-2013
4032,ENG105B,,26,66,100,18,LECTURE THEATER,08:30AM - 10:30AM,08-May-2013
4033,ENG105B,,26,15,100,19,LECTURE THEATER,08:30AM - 10:30AM,08-May-2013
4034,ENG105B,,36,60,100,31,LECTURE THEATER,08:30AM - 10:30AM,08-May-2013
4035,ENG105B,,36,21,100,22,LECTURE THEATER,08:30AM - 10:30AM,08-May-2013
4036,ENG105B,,28,60,100,43,FACULTY OF EDUCATION LECTURE THEATRE,08:30AM - 10:30AM,08-May-2013
4037,ENG105B,,28,21,100,51,FACULTY OF EDUCATION LECTURE THEATRE,08:30AM - 10:30AM,08-May-2013
4038,ENG105B,,30,60,100,45,FACULTY OF EDUCATION LECTURE THEATRE,08:30AM - 10:30AM,08-May-2013
4039,ENG105B,,30,20,100,49,FACULTY OF EDUCATION LECTURE THEATRE,08:30AM - 10:30AM,08-May-2013
4040,ENG105B,,31,60,100,52,FACULTY OF EDUCATION LECTURE THEATRE,08:30AM - 10:30AM,08-May-2013
4041,ENG105B,,31,20,100,49,FACULTY OF EDUCATION LECTURE THEATRE,08:30AM - 10:30AM,08-May-2013
4042,ENG105B,,25,56,100,55,LECTURE THEATER,08:30AM - 10:30AM,08-May-2013
4043,ENG105B,,25,24,100,12,LECTURE THEATER,08:30AM - 10:30AM,08-May-2013
4044,ENG105B,,15,56,100,30,LECTURE THEATER,08:30AM - 10:30AM,08-May-2013
4094,HIV101,BSC. ( AGRIC),NULL,1,100,35,ASSEMBLY HALL,15:30PM - 17:30PM,08-May-2013
4095,HIV101,B. ED. ( MATHS),NULL,16,100,35,ASSEMBLY HALL,15:30PM - 17:30PM,08-May-2013
4096,HIV101,B. ED. ( BASIC EDUCATION),NULL,1,100,35,ASSEMBLY HALL,15:30PM - 17:30PM,08-May-2013
4097,HIV101,B. A. ( ARTS),NULL,2,100,35,ASSEMBLY HALL,15:30PM - 17:30PM,08-May-2013
4098,HIV101,B.ED (COMP. SCIENCE),NULL,2,100,35,ASSEMBLY HALL,15:30PM - 17:30PM,08-May-2013
4099,HIV101,B. ED. ( MANAGEMENT),NULL,190,100,47,FACULTY OF EDUCATION LECTURE THEATRE,15:30PM - 17:30PM,08-May-2013
4100,HIV101,B. ED. ( HEALTH SCIENCES),NULL,1,100,47,FACULTY OF EDUCATION LECTURE THEATRE,15:30PM - 17:30PM,08-May-2013
4101,HIV101,BSC. ( MEDLAB),NULL,1,100,47,FACULTY OF EDUCATION LECTURE THEATRE,15:30PM - 17:30PM,08-May-2013
4102,HIV101,BSC ( FISHERIES AND AQUA. SCI.),NULL,2,100,47,FACULTY OF EDUCATION LECTURE THEATRE,15:30PM - 17:30PM,08-May-2013
4103,HIV101,B. ED. ( HPER),NULL,23,100,47,FACULTY OF EDUCATION LECTURE THEATRE,15:30PM - 17:30PM,08-May-2013
4104,HIV101,BSC ( MOL. BIO. AND BIOTECH.),NULL,1,100,47,FACULTY OF EDUCATION LECTURE THEATRE,15:30PM - 17:30PM,08-May-2013
4105,HIV101,B. SC. (PSYCH),NULL,189,100,48,FACULTY OF EDUCATION LECTURE THEATRE,15:30PM - 17:30PM,08-May-2013
4106,HIV101,B. ED. ( SOC. SCI.),NULL,161,100,33,ASSEMBLY HALL,15:30PM - 17:30PM,08-May-2013
4107,HIV101,B. ED. ( ACCOUNTING),NULL,104,100,44,FACULTY OF EDUCATION LECTURE THEATRE,15:30PM - 17:30PM,08-May-2013
4108,HIV101,B. ED. ( EARLY CHILDHOOD EDUCATION),NULL,50,100,44,FACULTY OF EDUCATION LECTURE THEATRE,15:30PM - 17:30PM,08-May-2013
4109,HIV101,B. ED. ( ARTS),NULL,98,100,49,FACULTY OF EDUCATION LECTURE THEATRE,15:30PM - 17:30PM,08-May-2013
4110,ILT101,B. A. ( SOCIAL SCIENCES),NULL,529,100,32,"LARGE LECTURE THEATER ",15:30PM - 17:30PM,06-May-2013
4111,ILT101,BSC. ( PHYSICS),NULL,11,100,32,"LARGE LECTURE THEATER ",15:30PM - 17:30PM,06-May-2013
4112,ILT101,B. A. ( MUS. AND THEATRE STDS.),NULL,1,100,32,"LARGE LECTURE THEATER ",15:30PM - 17:30PM,06-May-2013
4113,ILT101,BACHELOR OF MUSIC,NULL,2,100,32,"LARGE LECTURE THEATER ",15:30PM - 17:30PM,06-May-2013
4114,ILT101,BSC ( HUMAN BIOLOGY),NULL,2,100,32,"LARGE LECTURE THEATER ",15:30PM - 17:30PM,06-May-2013
4115,ILT101,BSC ( MOL. BIO. AND BIOTECH.),NULL,1,100,32,"LARGE LECTURE THEATER ",15:30PM - 17:30PM,06-May-2013
4116,ILT101,B. COM.,NULL,2,100,32,"LARGE LECTURE THEATER ",15:30PM - 17:30PM,06-May-2013
4117,ILT101,B.SC ( ENV. SCIENCES),NULL,1,100,32,"LARGE LECTURE THEATER ",15:30PM - 17:30PM,06-May-2013
4118,ILT101,B. ED. ( HOME ECONS.),NULL,1,100,32,"LARGE LECTURE THEATER ",15:30PM - 17:30PM,06-May-2013
4119,ILT101,B. A. ( ARTS),NULL,284,100,35,ASSEMBLY HALL,15:30PM - 17:30PM,06-May-2013
4120,ILT101,B.SC ( MET. & ATMOSPH. PHY.),NULL,4,100,35,ASSEMBLY HALL,15:30PM - 17:30PM,06-May-2013
4121,ILT101,BSC. ( BIOLOGICAL SCIENCES),NULL,2,100,35,ASSEMBLY HALL,15:30PM - 17:30PM,06-May-2013
4122,ILT101,BSC. ( AGRIC),NULL,153,100,47,FACULTY OF EDUCATION LECTURE THEATRE,15:30PM - 17:30PM,06-May-2013
4123,ILT101,BSC ( TOURISM MGT),NULL,41,100,47,FACULTY OF EDUCATION LECTURE THEATRE,15:30PM - 17:30PM,06-May-2013
4124,ILT101,BSC ( STATISTICS.),NULL,5,100,47,FACULTY OF EDUCATION LECTURE THEATRE,15:30PM - 17:30PM,06-May-2013
4125,ILT101,BSC. ( WATER AND SANITATION),NULL,16,100,47,FACULTY OF EDUCATION LECTURE THEATRE,15:30PM - 17:30PM,06-May-2013
4126,ILT101,B. A. ( THEATRE STDS.),NULL,4,100,47,FACULTY OF EDUCATION LECTURE THEATRE,15:30PM - 17:30PM,06-May-2013
4127,ILT101,B. A. ( COMM. STUDIES ),NULL,106,100,48,FACULTY OF EDUCATION LECTURE THEATRE,15:30PM - 17:30PM,06-May-2013
4128,ILT101,BSC ( MATHEMATICS),NULL,12,100,48,FACULTY OF EDUCATION LECTURE THEATRE,15:30PM - 17:30PM,06-May-2013
4129,ILT101,MB Ch. B.,NULL,8,100,48,FACULTY OF EDUCATION LECTURE THEATRE,15:30PM - 17:30PM,06-May-2013
4130,ILT101,BSC. ( CHEMISTRY),NULL,15,100,48,FACULTY OF EDUCATION LECTURE THEATRE,15:30PM - 17:30PM,06-May-2013
4131,ILT101,BSC ( MATHS WITH ECONS.),NULL,38,100,48,FACULTY OF EDUCATION LECTURE THEATRE,15:30PM - 17:30PM,06-May-2013
4132,ILT101,BSC. ( ACTUARIAL SCI.),NULL,37,100,48,FACULTY OF EDUCATION LECTURE THEATRE,15:30PM - 17:30PM,06-May-2013
4177,LSC108,NULL,NULL,140,100,49,FACULTY OF EDUCATION LECTURE THEATRE,08:30AM - 10:30AM,06-May-2013
4178,LSC108,NULL,NULL,64,100,42,FACULTY OF EDUCATION LECTURE THEATRE,08:30AM - 10:30AM,06-May-2013
4179,LSC106,NULL,NULL,134,100,29,LECTURE THEATER,08:30AM - 10:30AM,06-May-2013
4180,LSC106,NULL,NULL,65,100,19,LECTURE THEATER,08:30AM - 10:30AM,06-May-2013
4181,LSB104,NULL,NULL,120,100,46,FACULTY OF EDUCATION LECTURE THEATRE,08:30AM - 10:30AM,06-May-2013
4182,LSB104,NULL,NULL,61,100,41,FACULTY OF EDUCATION LECTURE THEATRE,08:30AM - 10:30AM,06-May-2013
4183,LSS104K,NULL,NULL,1,100,48,FACULTY OF EDUCATION LECTURE THEATRE,08:30AM - 10:30AM,06-May-2013
4184,EHS204N,B. ED. ( HEALTH SCIENCES),NULL,40,200,55,LECTURE THEATER,12NOON - 14:00PM,20-May-2013
4185,EHS252N,B. ED. ( HEALTH SCIENCES),NULL,1,200,5,LECTURE THEATER,15:30PM - 17:30PM,21-May-2013
4186,AFS201,B. A. ( AFRICAN STUDIES),NULL,2,200,34,"ASSEMBLY HALL ",08:30AM - 10:30AM,13-May-2013
4187,CWS208,BSC. ( WATER AND SANITATION),NULL,20,200,32,"LARGE LECTURE THEATER ",08:30AM - 10:30AM,17-May-2013
4188,INF204,BSC ( INFO. TECH.),NULL,35,200,41,FACULTY OF EDUCATION LECTURE THEATRE,15:30PM - 17:30PM,10-May-2013
4189,ESS221,B. ED. ( SOC. SCI.),NULL,29,200,47,FACULTY OF EDUCATION LECTURE THEATRE,08:30AM - 10:30AM,22-May-2013
4190,ECS212,B.ED (COMP. SCIENCE),NULL,14,200,45,FACULTY OF EDUCATION LECTURE THEATRE,08:30AM - 10:30AM,14-May-2013
4191,BCH208,B.SC. ( BIOCHEMISTRY),NULL,52,200,41,FACULTY OF EDUCATION LECTURE THEATRE,15:30PM - 17:30PM,10-May-2013
4192,OPT202,OD. ( OPTOMETRY),NULL,9,200,28,LECTURE THEATER,15:30PM - 17:30PM,15-May-2013
4193,POH204,BA ( POP. & HEALTH.),NULL,44,200,21,LECTURE THEATER,12NOON - 14:00PM,14-May-2013
4194,ESS215,B. ED. ( SOC. SCI.),NULL,30,200,27,LECTURE THEATER,08:30AM - 10:30AM,21-May-2013
4195,EPH244,B. ED. ( HPER),NULL,43,200,45,FACULTY OF EDUCATION LECTURE THEATRE,12NOON - 14:00PM,06-May-2013
4196,ECE210,B. ED. ( EARLY CHILDHOOD EDUCATION),NULL,51,200,32,"LARGE LECTURE THEATER ",08:30AM - 10:30AM,16-May-2013
4197,EIN227,B. ED. ( BASIC EDUCATION),NULL,4,200,34,"ASSEMBLY HALL ",15:30PM - 17:30PM,20-May-2013
4198,ESC216,B. ED. ( SCIENCE),NULL,20,200,35,ASSEMBLY HALL,08:30AM - 10:30AM,07-May-2013
4199,OPT206,OD. ( OPTOMETRY),NULL,11,200,32,"LARGE LECTURE THEATER ",08:30AM - 10:30AM,16-May-2013
4200,EBS204,B. ED. ( BASIC. ED.),NULL,10,200,50,FACULTY OF EDUCATION LECTURE THEATRE,08:30AM - 10:30AM,23-May-2013
4201,EBS215,B. ED. ( BASIC. ED.),NULL,11,200,32,"LARGE LECTURE THEATER ",08:30AM - 10:30AM,16-May-2013
4202,EHS222N,B. ED. ( HEALTH SCIENCES),NULL,21,200,32,"LARGE LECTURE THEATER ",08:30AM - 10:30AM,16-May-2013
4203,CWS202,BSC. ( WATER AND SANITATION),NULL,33,200,50,FACULTY OF EDUCATION LECTURE THEATRE,08:30AM - 10:30AM,23-May-2013
4204,ACR205N,BSC. ( AGRIC),NULL,99,200,32,"LARGE LECTURE THEATER ",08:30AM - 10:30AM,16-May-2013
4205,EAS213,B. ED. ( ARTS),NULL,40,200,32,"LARGE LECTURE THEATER ",08:30AM - 10:30AM,16-May-2013
4206,ECS203,B.ED (COMP. SCIENCE),NULL,14,200,32,"LARGE LECTURE THEATER ",08:30AM - 10:30AM,16-May-2013
4207,MLT212B,BSC. ( MEDLAB),NULL,63,200,32,"LARGE LECTURE THEATER ",08:30AM - 10:30AM,16-May-2013
4208,EAS216F,B. ED. ( ARTS),NULL,1,200,35,ASSEMBLY HALL,08:30AM - 10:30AM,07-May-2013
4209,AEN201N,BSC. ( AGRIC),NULL,99,200,32,"LARGE LECTURE THEATER ",08:30AM - 10:30AM,16-May-2013
4210,EIN231,B. ED. ( BASIC EDUCATION),NULL,27,200,28,LECTURE THEATER,15:30PM - 17:30PM,15-May-2013
4211,MED212,MB Ch. B.,NULL,54,200,32,"LARGE LECTURE THEATER ",08:30AM - 10:30AM,16-May-2013
4212,AEN202N,BSC. ( AGRIC),NULL,99,200,41,FACULTY OF EDUCATION LECTURE THEATRE,15:30PM - 17:30PM,13-May-2013
4213,ESS216,B. ED. ( SOC. SCI.),NULL,74,200,41,FACULTY OF EDUCATION LECTURE THEATRE,12NOON - 14:00PM,07-May-2013
4214,MLT213B,BSC. ( MEDLAB),NULL,65,200,42,FACULTY OF EDUCATION LECTURE THEATRE,08:30AM - 10:30AM,15-May-2013
4215,EAS212,B. ED. ( ARTS),NULL,17,200,38,CAFETERIA ROOF TOP,15:30PM - 17:30PM,23-May-2013
4216,BCH206,B.SC. ( BIOCHEMISTRY),NULL,52,200,36,CAFETERIA ROOF TOP,15:30PM - 17:30PM,06-May-2013
4217,BCH202,B.SC. ( BIOCHEMISTRY),NULL,53,200,35,ASSEMBLY HALL,12NOON - 14:00PM,21-May-2013
4218,ECE208,B. ED. ( EARLY CHILDHOOD EDUCATION),NULL,51,200,33,ASSEMBLY HALL,15:30PM - 17:30PM,17-May-2013
4219,MLT219,BSC. ( MEDLAB),NULL,63,200,34,"ASSEMBLY HALL ",08:30AM - 10:30AM,07-May-2013
4220,BPS221,B. SC. (PSYCH),NULL,168,200,47,FACULTY OF EDUCATION LECTURE THEATRE,08:30AM - 10:30AM,21-May-2013
4221,AGN204N,BSC. ( AGRIC),NULL,100,200,50,FACULTY OF EDUCATION LECTURE THEATRE,08:30AM - 10:30AM,21-May-2013
4222,BCH316,B.SC. ( BIOCHEMISTRY),NULL,3,300,35,ASSEMBLY HALL,08:30AM - 10:30AM,07-May-2013
4223,DAN310,B. A. ( ARTS),NULL,2,300,38,CAFETERIA ROOF TOP,15:30PM - 17:30PM,23-May-2013
4224,THS319,B. A. ( THEATRE STDS.),NULL,8,300,34,"ASSEMBLY HALL ",15:30PM - 17:30PM,20-May-2013
4225,GHL314G,B. A. ( ARTS),NULL,3,300,43,FACULTY OF EDUCATION LECTURE THEATRE,15:30PM - 17:30PM,24-May-2013
4226,FAS307,BSC ( FISHERIES AND AQUA. SCI.),NULL,22,300,35,ASSEMBLY HALL,12NOON - 14:00PM,07-May-2013
4227,THS312,B. A. ( THEATRE STDS.),NULL,16,300,33,ASSEMBLY HALL,15:30PM - 17:30PM,17-May-2013
4228,DAN309,B. A. ( ARTS),NULL,2,300,52,FACULTY OF EDUCATION LECTURE THEATRE,12NOON - 14:00PM,08-May-2013
4229,ANT310,B. A. ( SOCIAL SCIENCES),NULL,4,300,52,FACULTY OF EDUCATION LECTURE THEATRE,12NOON - 14:00PM,10-May-2013
4230,ENP314,B.SC ( ENG. PHYSICS),NULL,6,300,42,FACULTY OF EDUCATION LECTURE THEATRE,08:30AM - 10:30AM,15-May-2013
4231,ANT302,B. A. ( SOCIAL SCIENCES),NULL,12,300,38,CAFETERIA ROOF TOP,15:30PM - 17:30PM,23-May-2013
4232,BCH330,B.SC. ( BIOCHEMISTRY),NULL,35,300,33,ASSEMBLY HALL,15:30PM - 17:30PM,17-May-2013
4233,EHS382,B. ED. ( HEALTH SCIENCES),NULL,30,300,48,FACULTY OF EDUCATION LECTURE THEATRE,15:30PM - 17:30PM,22-May-2013
4234,FIL310,B. A. ( ARTS),NULL,3,300,19,LECTURE THEATER,15:30PM - 17:30PM,08-May-2013
4235,MUD317,BACHELOR OF MUSIC,NULL,2,300,52,FACULTY OF EDUCATION LECTURE THEATRE,12NOON - 14:00PM,08-May-2013
4236,ANT304,B. A. ( SOCIAL SCIENCES),NULL,12,300,47,FACULTY OF EDUCATION LECTURE THEATRE,08:30AM - 10:30AM,09-May-2013
4237,ENP302,B.SC ( ENG. PHYSICS),NULL,6,300,27,LECTURE THEATER,08:30AM - 10:30AM,13-May-2013
4238,THS318,B. A. ( THEATRE STDS.),NULL,16,300,35,ASSEMBLY HALL,12NOON - 14:00PM,06-May-2013
4239,CLA302,B. A. ( ARTS),NULL,4,300,42,FACULTY OF EDUCATION LECTURE THEATRE,08:30AM - 10:30AM,15-May-2013
4240,BIO302A,B. ED. ( SCIENCE),NULL,1,300,35,ASSEMBLY HALL,12NOON - 14:00PM,06-May-2013
4241,CLA318,B. A. ( ARTS),NULL,12,300,41,FACULTY OF EDUCATION LECTURE THEATRE,15:30PM - 17:30PM,10-May-2013
4242,FIL309,B. A. ( ARTS),NULL,3,300,42,FACULTY OF EDUCATION LECTURE THEATRE,08:30AM - 10:30AM,15-May-2013
4243,FRE399,B. A. ( ARTS),NULL,1,300,44,FACULTY OF EDUCATION LECTURE THEATRE,08:30AM - 10:30AM,09-May-2013
4244,EHS399,B. ED. ( HEALTH SCIENCES),NULL,30,300,50,FACULTY OF EDUCATION LECTURE THEATRE,08:30AM - 10:30AM,21-May-2013
4245,BIO309,B. ED. ( SCIENCE),NULL,1,300,34,"ASSEMBLY HALL ",15:30PM - 17:30PM,20-May-2013
4246,EIN326,B. ED. ( BASIC EDUCATION),NULL,5,300,36,CAFETERIA ROOF TOP,15:30PM - 17:30PM,06-May-2013
4247,EIN319,B. ED. ( BASIC EDUCATION),NULL,10,300,41,FACULTY OF EDUCATION LECTURE THEATRE,12NOON - 14:00PM,07-May-2013
4248,SOC312K,EXCHANGE PROGRAMME,NULL,1,300,48,FACULTY OF EDUCATION LECTURE THEATRE,08:30AM - 10:30AM,22-May-2013
4249,EVT303,B. ED. ( HOME ECONS.),NULL,1,300,48,FACULTY OF EDUCATION LECTURE THEATRE,15:30PM - 17:30PM,22-May-2013
4250,HIS407,B. A. ( ARTS),NULL,8,300,51,FACULTY OF EDUCATION LECTURE THEATRE,08:30AM - 10:30AM,15-May-2013
4251,OPT312,OD. ( OPTOMETRY),NULL,36,300,24,LECTURE THEATER,15:30PM - 17:30PM,07-May-2013
4252,DAN308,B. A. ( ARTS),NULL,2,300,33,ASSEMBLY HALL,15:30PM - 17:30PM,17-May-2013
4253,ENG319,B. A. ( ARTS),NULL,4,300,52,FACULTY OF EDUCATION LECTURE THEATRE,15:30PM - 17:30PM,10-May-2013
4254,BCH306,B.SC. ( BIOCHEMISTRY),NULL,35,300,43,FACULTY OF EDUCATION LECTURE THEATRE,15:30PM - 17:30PM,24-May-2013
4255,POH398,BA ( POP. & HEALTH.),NULL,37,300,54,LECTURE THEATER,08:30AM - 10:30AM,23-May-2013
4256,CTN302,BSC ( INDUSTRIAL CHEMISTRY),NULL,20,300,12,LECTURE THEATER,15:30PM - 17:30PM,07-May-2013
4257,EVT315,B. ED. ( HOME ECONS.),NULL,30,300,54,LECTURE THEATER,08:30AM - 10:30AM,06-May-2013
4258,MLT350A,BSC. ( MEDLAB),NULL,58,300,46,FACULTY OF EDUCATION LECTURE THEATRE,12NOON - 14:00PM,06-May-2013
4259,MUD316,BACHELOR OF MUSIC,NULL,1,300,54,LECTURE THEATER,08:30AM - 10:30AM,06-May-2013
4260,EHS387,B. ED. ( HEALTH SCIENCES),NULL,4,300,40,FACULTY OF EDUCATION LECTURE THEATRE,15:30PM - 17:30PM,13-May-2013
4261,EBS306,B. ED. ( BASIC. ED.),NULL,6,300,43,FACULTY OF EDUCATION LECTURE THEATRE,08:30AM - 10:30AM,24-May-2013
4262,CWS316,BSC. ( WATER AND SANITATION),NULL,12,300,35,ASSEMBLY HALL,12NOON - 14:00PM,07-May-2013
4263,EPH362,B. ED. ( HPER),NULL,18,300,5,LECTURE THEATER,08:30AM - 10:30AM,17-May-2013
4264,EBS302,B. ED. ( BASIC. ED.),NULL,8,300,46,FACULTY OF EDUCATION LECTURE THEATRE,12NOON - 14:00PM,06-May-2013
4265,CWS318,BSC. ( WATER AND SANITATION),NULL,25,300,46,FACULTY OF EDUCATION LECTURE THEATRE,12NOON - 14:00PM,06-May-2013
4266,EMA302,B. ED. ( MATHS),NULL,88,300,32,"LARGE LECTURE THEATER ",08:30AM - 10:30AM,10-May-2013
4267,EIN312,B. ED. ( BASIC EDUCATION),NULL,23,300,32,"LARGE LECTURE THEATER ",08:30AM - 10:30AM,10-May-2013
4268,GEO399,BSC. ( GEOGRAPHY AND REGIONAL PLANNING),NULL,17,300,48,FACULTY OF EDUCATION LECTURE THEATRE,08:30AM - 10:30AM,09-May-2013
4269,EIN301A,B. ED. ( BASIC EDUCATION),NULL,13,300,44,FACULTY OF EDUCATION LECTURE THEATRE,08:30AM - 10:30AM,09-May-2013
4270,BPS325,B. SC. (PSYCH),NULL,39,300,32,"LARGE LECTURE THEATER ",08:30AM - 10:30AM,10-May-2013
4271,FIL313,B. A. ( ARTS),NULL,3,300,4,LECTURE THEATER,15:30PM - 17:30PM,06-May-2013
4272,EBS310,B. ED. ( BASIC. ED.),NULL,51,300,32,"LARGE LECTURE THEATER ",08:30AM - 10:30AM,10-May-2013
4273,EHS314,B. ED. ( HEALTH SCIENCES),NULL,4,300,4,LECTURE THEATER,15:30PM - 17:30PM,06-May-2013
4274,BCH332,B.SC. ( BIOCHEMISTRY),NULL,35,300,32,"LARGE LECTURE THEATER ",08:30AM - 10:30AM,10-May-2013
4275,LAT310,BSC ( LAB. TECH),NULL,90,300,32,"LARGE LECTURE THEATER ",08:30AM - 10:30AM,10-May-2013
4276,LAT312,BSC ( LAB. TECH),NULL,90,300,32,"LARGE LECTURE THEATER ",08:30AM - 10:30AM,14-May-2013
4277,AFS313,B. A. ( AFRICAN STUDIES),NULL,61,300,32,"LARGE LECTURE THEATER ",08:30AM - 10:30AM,14-May-2013
4278,THS315,B. A. ( THEATRE STDS.),NULL,4,300,49,FACULTY OF EDUCATION LECTURE THEATRE,12NOON - 14:00PM,14-May-2013
4279,EVT306,B. ED. ( HOME ECONS.),NULL,138,300,32,"LARGE LECTURE THEATER ",08:30AM - 10:30AM,14-May-2013
4280,BPS329,B. SC. (PSYCH),NULL,32,300,32,"LARGE LECTURE THEATER ",08:30AM - 10:30AM,14-May-2013
4281,ESC330,B. ED. ( SCIENCE),NULL,14,300,41,FACULTY OF EDUCATION LECTURE THEATRE,12NOON - 14:00PM,07-May-2013
4282,EHS324,B. ED. ( HEALTH SCIENCES),NULL,32,300,32,"LARGE LECTURE THEATER ",08:30AM - 10:30AM,14-May-2013
4283,AFS330,B. A. ( AFRICAN STUDIES),NULL,37,300,35,ASSEMBLY HALL,08:30AM - 10:30AM,15-May-2013
4284,EBS308,B. ED. ( BASIC. ED.),NULL,11,300,28,LECTURE THEATER,15:30PM - 17:30PM,15-May-2013
4285,EMA312,B. ED. ( MATHS),NULL,90,300,35,ASSEMBLY HALL,08:30AM - 10:30AM,15-May-2013
4286,POH304,BA ( POP. & HEALTH.),NULL,37,300,35,ASSEMBLY HALL,08:30AM - 10:30AM,15-May-2013
4287,EPH349,B. ED. ( HPER),NULL,45,300,35,ASSEMBLY HALL,08:30AM - 10:30AM,15-May-2013
4288,AEX311N,BSC. ( AGRIC. EXTENSION ),NULL,29,300,35,ASSEMBLY HALL,08:30AM - 10:30AM,15-May-2013
4289,ACT302,BSC. ( ACTUARIAL SCI.),NULL,25,300,35,ASSEMBLY HALL,08:30AM - 10:30AM,15-May-2013
4290,HUB302,BSC ( HUMAN BIOLOGY),NULL,89,300,34,"ASSEMBLY HALL ",15:30PM - 17:30PM,08-May-2013
4291,ECE306,B. ED. ( EARLY CHILDHOOD EDUCATION),NULL,70,300,48,FACULTY OF EDUCATION LECTURE THEATRE,12NOON - 14:00PM,22-May-2013
4292,HUB309,BSC ( HUMAN BIOLOGY),NULL,91,300,48,FACULTY OF EDUCATION LECTURE THEATRE,12NOON - 14:00PM,22-May-2013
4293,ESC332,B. ED. ( SCIENCE),NULL,23,300,46,FACULTY OF EDUCATION LECTURE THEATRE,12NOON - 14:00PM,06-May-2013
4294,CWS306,BSC. ( WATER AND SANITATION),NULL,25,300,35,ASSEMBLY HALL,08:30AM - 10:30AM,15-May-2013
4295,AFS332,B. A. ( AFRICAN STUDIES),NULL,13,300,34,"ASSEMBLY HALL ",15:30PM - 17:30PM,20-May-2013
4296,EBS321,B. ED. ( BASIC. ED.),NULL,51,300,48,FACULTY OF EDUCATION LECTURE THEATRE,12NOON - 14:00PM,22-May-2013
4297,LAT306A,BSC ( LAB. TECH),NULL,90,300,47,FACULTY OF EDUCATION LECTURE THEATRE,08:30AM - 10:30AM,08-May-2013
4298,LIN305,B. A. ( ARTS),NULL,44,300,47,FACULTY OF EDUCATION LECTURE THEATRE,08:30AM - 10:30AM,08-May-2013
4299,BPS327,B. SC. (PSYCH),NULL,41,300,47,FACULTY OF EDUCATION LECTURE THEATRE,08:30AM - 10:30AM,08-May-2013
4300,AEX399,BSC. ( AGRIC. EXTENSION ),NULL,29,300,18,LECTURE THEATER,15:30PM - 17:30PM,10-May-2013
4301,OPT304,OD. ( OPTOMETRY),NULL,35,300,42,FACULTY OF EDUCATION LECTURE THEATRE,08:30AM - 10:30AM,21-May-2013
4302,EPH347,B. ED. ( HPER),NULL,29,300,24,LECTURE THEATER,08:30AM - 10:30AM,22-May-2013
4303,EIN325,B. ED. ( BASIC EDUCATION),NULL,32,300,43,FACULTY OF EDUCATION LECTURE THEATRE,15:30PM - 17:30PM,22-May-2013
4304,AEX313N,BSC. ( AGRIC),NULL,102,300,44,FACULTY OF EDUCATION LECTURE THEATRE,08:30AM - 10:30AM,23-May-2013
4305,AFS329,B. A. ( AFRICAN STUDIES),NULL,37,300,45,FACULTY OF EDUCATION LECTURE THEATRE,15:30PM - 17:30PM,16-May-2013
4306,MED304,MB Ch. B.,NULL,53,300,32,"LARGE LECTURE THEATER ",15:30PM - 17:30PM,07-May-2013
4307,EIN303,B. ED. ( BASIC EDUCATION),NULL,26,300,42,FACULTY OF EDUCATION LECTURE THEATRE,08:30AM - 10:30AM,21-May-2013
4308,THS313,B. A. ( THEATRE STDS.),NULL,26,300,32,"LARGE LECTURE THEATER ",15:30PM - 17:30PM,07-May-2013
4309,FAS306,BSC ( FISHERIES AND AQUA. SCI.),NULL,22,300,43,FACULTY OF EDUCATION LECTURE THEATRE,15:30PM - 17:30PM,22-May-2013
4310,EHS316,B. ED. ( HEALTH SCIENCES),NULL,30,300,32,"LARGE LECTURE THEATER ",15:30PM - 17:30PM,07-May-2013
4311,INF310,BSC ( INFO. TECH.),NULL,32,300,44,FACULTY OF EDUCATION LECTURE THEATRE,08:30AM - 10:30AM,23-May-2013
4312,INF308,BSC ( INFO. TECH.),NULL,32,300,29,LECTURE THEATER,12NOON - 14:00PM,20-May-2013
4313,ECE304,B. ED. ( EARLY CHILDHOOD EDUCATION),NULL,70,300,32,"LARGE LECTURE THEATER ",15:30PM - 17:30PM,07-May-2013
4314,EBS313,B. ED. ( BASIC. ED.),NULL,51,300,32,"LARGE LECTURE THEATER ",15:30PM - 17:30PM,07-May-2013
4315,EMT390B,B. ED. ( HPER),NULL,47,300,35,ASSEMBLY HALL,15:30PM - 17:30PM,10-May-2013
4316,EAS305,B. ED. ( ARTS),NULL,98,300,35,ASSEMBLY HALL,15:30PM - 17:30PM,10-May-2013
4317,ECE302,B. ED. ( EARLY CHILDHOOD EDUCATION),NULL,70,300,35,ASSEMBLY HALL,15:30PM - 17:30PM,10-May-2013
4318,LIN307,B. A. ( ARTS),NULL,38,300,35,ASSEMBLY HALL,15:30PM - 17:30PM,10-May-2013
4319,EMG303,B. ED. ( MANAGEMENT),NULL,196,300,32,"LARGE LECTURE THEATER ",15:30PM - 17:30PM,10-May-2013
4320,MED312,MB Ch. B.,NULL,53,300,32,"LARGE LECTURE THEATER ",15:30PM - 17:30PM,10-May-2013
4321,OPT302,OD. ( OPTOMETRY),NULL,37,300,35,ASSEMBLY HALL,15:30PM - 17:30PM,10-May-2013
4322,ESC306,B. ED. ( SCIENCE),NULL,40,300,32,"LARGE LECTURE THEATER ",15:30PM - 17:30PM,10-May-2013
4323,EVT318,B. ED. ( HOME ECONS.),NULL,138,300,32,"LARGE LECTURE THEATER ",15:30PM - 17:30PM,10-May-2013
4324,EHS315,B. ED. ( HEALTH SCIENCES),NULL,21,300,45,FACULTY OF EDUCATION LECTURE THEATRE,15:30PM - 17:30PM,16-May-2013
4325,AAS304N,BSC. ( AGRIC),NULL,102,300,32,"LARGE LECTURE THEATER ",15:30PM - 17:30PM,10-May-2013
4326,EHS465,B. ED. ( HEALTH SCIENCES),NULL,70,300,34,"ASSEMBLY HALL ",12NOON - 14:00PM,09-May-2013
4327,BCH310,B.SC. ( BIOCHEMISTRY),NULL,35,300,45,FACULTY OF EDUCATION LECTURE THEATRE,08:30AM - 10:30AM,14-May-2013
4328,MLT340A,BSC. ( MEDLAB),NULL,58,300,18,LECTURE THEATER,12NOON - 14:00PM,07-May-2013
4329,POH302,BA ( POP. & HEALTH.),NULL,37,300,50,FACULTY OF EDUCATION LECTURE THEATRE,15:30PM - 17:30PM,21-May-2013
4330,CWS312,BSC. ( WATER AND SANITATION),NULL,25,300,50,FACULTY OF EDUCATION LECTURE THEATRE,15:30PM - 17:30PM,21-May-2013
4331,LAT311B,BSC ( LAB. TECH),NULL,90,300,32,"LARGE LECTURE THEATER ",12NOON - 14:00PM,09-May-2013
4332,NUR322,BSC. ( NURSING),NULL,179,300,32,"LARGE LECTURE THEATER ",12NOON - 14:00PM,09-May-2013
4333,AEX309N,BSC. ( AGRIC. EXTENSION ),NULL,29,300,32,"LARGE LECTURE THEATER ",12NOON - 14:00PM,09-May-2013
4334,EPH399,B. ED. ( HPER),NULL,47,300,32,"LARGE LECTURE THEATER ",12NOON - 14:00PM,09-May-2013
4335,HUB304,BSC ( HUMAN BIOLOGY),NULL,90,300,32,"LARGE LECTURE THEATER ",12NOON - 14:00PM,09-May-2013
4336,BCH326,B.SC. ( BIOCHEMISTRY),NULL,35,300,37,CAFETERIA ROOF TOP,12NOON - 14:00PM,06-May-2013
4337,THS320,B. A. ( THEATRE STDS.),NULL,26,300,34,"ASSEMBLY HALL ",12NOON - 14:00PM,09-May-2013
4338,CWS310,BSC. ( WATER AND SANITATION),NULL,25,300,48,FACULTY OF EDUCATION LECTURE THEATRE,12NOON - 14:00PM,13-May-2013
4419,OPT412,OD. ( OPTOMETRY),NULL,12,400,44,FACULTY OF EDUCATION LECTURE THEATRE,12NOON - 14:00PM,09-May-2013
4420,CSC402,B.SC ( COMP. SCIENCE),NULL,8,400,49,FACULTY OF EDUCATION LECTURE THEATRE,15:30PM - 17:30PM,21-May-2013
4421,GHL418A,B. A. ( ARTS),NULL,9,400,32,"LARGE LECTURE THEATER ",12NOON - 14:00PM,22-May-2013
4422,LIN406,B. A. ( ARTS),NULL,10,400,35,ASSEMBLY HALL,12NOON - 14:00PM,21-May-2013
4423,POH422,BA ( POP. & HEALTH.),NULL,16,400,49,FACULTY OF EDUCATION LECTURE THEATRE,15:30PM - 17:30PM,14-May-2013
4424,THS416,B. A. ( MUS. AND THEATRE STDS.),NULL,15,400,49,FACULTY OF EDUCATION LECTURE THEATRE,15:30PM - 17:30PM,14-May-2013
4425,ENW409,BSC. ( ENT. AND WILDLIFE),NULL,17,400,32,"LARGE LECTURE THEATER ",15:30PM - 17:30PM,21-May-2013
4426,MBB410,BSC ( MOL. BIO. AND BIOTECH.),NULL,79,400,32,"LARGE LECTURE THEATER ",08:30AM - 10:30AM,24-May-2013
4427,ENP402,B.SC ( ENG. PHYSICS),NULL,12,400,46,FACULTY OF EDUCATION LECTURE THEATRE,12NOON - 14:00PM,13-May-2013
4428,AAS404N,BSC. ( AGRIC),NULL,25,400,49,FACULTY OF EDUCATION LECTURE THEATRE,12NOON - 14:00PM,20-May-2013
4429,MGT402,B. ED. ( SOC. SCI.),NULL,1,400,35,ASSEMBLY HALL,12NOON - 14:00PM,21-May-2013
4430,BPS322K,EXCHANGE PROGRAMME,NULL,1,400,32,"LARGE LECTURE THEATER ",08:30AM - 10:30AM,07-May-2013
4431,ENP412,B.SC ( ENG. PHYSICS),NULL,9,400,55,LECTURE THEATER,08:30AM - 10:30AM,09-May-2013
4432,GEO447,BSC. ( GEOGRAPHY AND REGIONAL PLANNING),NULL,26,400,32,"LARGE LECTURE THEATER ",08:30AM - 10:30AM,24-May-2013
4433,AFS415,B. A. ( AFRICAN STUDIES),NULL,6,400,38,CAFETERIA ROOF TOP,15:30PM - 17:30PM,23-May-2013
4434,EAS407,B. ED. ( ARTS),NULL,11,400,46,FACULTY OF EDUCATION LECTURE THEATRE,12NOON - 14:00PM,13-May-2013
4435,EVT424,B. ED. ( HOME ECONS.),NULL,27,400,44,FACULTY OF EDUCATION LECTURE THEATRE,08:30AM - 10:30AM,21-May-2013
4436,HMG410,BSC ( HOSP. MGT.),NULL,11,400,34,"ASSEMBLY HALL ",15:30PM - 17:30PM,08-May-2013
4437,POH402,BA ( POP. & HEALTH.),NULL,40,400,32,"LARGE LECTURE THEATER ",08:30AM - 10:30AM,24-May-2013
4438,ACT404,BSC. ( ACTUARIAL SCI.),NULL,18,400,32,"LARGE LECTURE THEATER ",08:30AM - 10:30AM,14-May-2013
4439,ENW410,BSC. ( ENT. AND WILDLIFE),NULL,17,400,50,FACULTY OF EDUCATION LECTURE THEATRE,08:30AM - 10:30AM,06-May-2013
4440,OPT410,OD. ( OPTOMETRY),NULL,12,400,51,FACULTY OF EDUCATION LECTURE THEATRE,15:30PM - 17:30PM,23-May-2013
4441,ACT402,BSC. ( ACTUARIAL SCI.),NULL,18,400,33,ASSEMBLY HALL,15:30PM - 17:30PM,21-May-2013
4442,THS419,B. A. ( MUS. AND THEATRE STDS.),NULL,4,400,47,FACULTY OF EDUCATION LECTURE THEATRE,08:30AM - 10:30AM,08-May-2013
4443,OPT408,OD. ( OPTOMETRY),NULL,12,400,46,FACULTY OF EDUCATION LECTURE THEATRE,12NOON - 14:00PM,13-May-2013
4444,AFS422,B. A. ( AFRICAN STUDIES),NULL,25,400,32,"LARGE LECTURE THEATER ",15:30PM - 17:30PM,21-May-2013
4445,NUR429,BSC. ( NURSING),NULL,143,400,32,"LARGE LECTURE THEATER ",15:30PM - 17:30PM,21-May-2013
4446,MUD412,BACHELOR OF MUSIC,NULL,6,400,19,LECTURE THEATER,15:30PM - 17:30PM,24-May-2013
4447,EAS408,B. ED. ( ARTS),NULL,12,400,40,FACULTY OF EDUCATION LECTURE THEATRE,12NOON - 14:00PM,24-May-2013
4448,MAT405,B. ED. ( MATHS),NULL,76,400,32,"LARGE LECTURE THEATER ",15:30PM - 17:30PM,21-May-2013
4449,BPS421,B. SC. (PSYCH),NULL,161,400,32,"LARGE LECTURE THEATER ",08:30AM - 10:30AM,24-May-2013
4450,EPH462,B. ED. ( HPER),NULL,17,400,3,LECTURE THEATER,15:30PM - 17:30PM,15-May-2013
4451,BCH422,B.SC. ( BIOCHEMISTRY),NULL,30,400,26,LECTURE THEATER,08:30AM - 10:30AM,13-May-2013
4452,LAT409,BSC ( LAB. TECH),NULL,75,400,36,CAFETERIA ROOF TOP,12NOON - 14:00PM,16-May-2013
4453,ECE404,B. ED. ( EARLY CHILDHOOD EDUCATION),NULL,48,400,38,CAFETERIA ROOF TOP,15:30PM - 17:30PM,23-May-2013
4454,FAS416,BSC ( FISHERIES AND AQUA. SCI.),NULL,18,400,10,LECTURE THEATER,12NOON - 14:00PM,13-May-2013
4455,ENS406,B.SC ( ENV. SCIENCES),NULL,63,400,33,ASSEMBLY HALL,15:30PM - 17:30PM,16-May-2013
4456,AAS401N,BSC. ( AGRIC. EXTENSION ),NULL,26,400,36,CAFETERIA ROOF TOP,12NOON - 14:00PM,17-May-2013
4457,EMG414,B. ED. ( SOC. SCI.),NULL,65,400,33,ASSEMBLY HALL,15:30PM - 17:30PM,24-May-2013
4458,TMG406,BSC ( TOURISM MGT),NULL,44,400,24,LECTURE THEATER,08:30AM - 10:30AM,24-May-2013
4662,EIN262,B. ED. ( BASIC EDUCATION),NULL,32,200,27,LECTURE THEATER,08:30AM - 10:30AM,13-May-2013
4663,BIO303,B.SC ( ENV. SCIENCES),NULL,1,300,47,FACULTY OF EDUCATION LECTURE THEATRE,08:30AM - 10:30AM,22-May-2013
4664,FIL399,B. A. ( ARTS),NULL,3,300,35,ASSEMBLY HALL,12NOON - 14:00PM,07-May-2013
4665,HUB312,BSC ( HUMAN BIOLOGY),NULL,88,300,35,ASSEMBLY HALL,12NOON - 14:00PM,06-May-2013
4666,RHV305,B. A. ( ARTS),NULL,19,300,48,FACULTY OF EDUCATION LECTURE THEATRE,08:30AM - 10:30AM,09-May-2013
4667,MLT325A,BSC. ( MEDLAB),NULL,58,300,33,ASSEMBLY HALL,12NOON - 14:00PM,20-May-2013
4668,MUD315,BACHELOR OF MUSIC,NULL,2,300,48,FACULTY OF EDUCATION LECTURE THEATRE,08:30AM - 10:30AM,09-May-2013
4669,GHL316G,B. A. ( ARTS),NULL,4,300,33,ASSEMBLY HALL,15:30PM - 17:30PM,17-May-2013
4670,THS316,B. A. ( THEATRE STDS.),NULL,7,300,44,FACULTY OF EDUCATION LECTURE THEATRE,15:30PM - 17:30PM,21-May-2013
4671,GEO317,BSC. ( GEOGRAPHY AND REGIONAL PLANNING),NULL,17,300,44,FACULTY OF EDUCATION LECTURE THEATRE,15:30PM - 17:30PM,21-May-2013
4672,ENG318,B. A. ( ARTS),NULL,28,300,34,"ASSEMBLY HALL ",08:30AM - 10:30AM,07-May-2013
4673,MED310,MB Ch. B.,NULL,53,300,47,FACULTY OF EDUCATION LECTURE THEATRE,08:30AM - 10:30AM,21-May-2013
4674,ENP308,B.SC ( ENG. PHYSICS),NULL,6,300,5,LECTURE THEATER,08:30AM - 10:30AM,17-May-2013
4675,AFS334,B. A. ( AFRICAN STUDIES),NULL,11,300,24,LECTURE THEATER,15:30PM - 17:30PM,07-May-2013
4676,EPH364,B. ED. ( HPER),NULL,1,300,54,LECTURE THEATER,08:30AM - 10:30AM,23-May-2013
4677,NUR324,BSC. ( NURSING),NULL,179,300,32,"LARGE LECTURE THEATER ",15:30PM - 17:30PM,07-May-2013
4678,EVT319,B. ED. ( HOME ECONS.),NULL,138,300,32,"LARGE LECTURE THEATER ",15:30PM - 17:30PM,07-May-2013
4679,MED214,MB Ch. B.,NULL,54,200,48,FACULTY OF EDUCATION LECTURE THEATRE,08:30AM - 10:30AM,22-May-2013
4680,AFS205,B. A. ( AFRICAN STUDIES),NULL,47,200,36,CAFETERIA ROOF TOP,15:30PM - 17:30PM,06-May-2013
4681,MAS209,B. A. ( COMM. STUDIES ),NULL,41,200,48,FACULTY OF EDUCATION LECTURE THEATRE,08:30AM - 10:30AM,22-May-2013
4682,EBS208,B. ED. ( BASIC. ED.),NULL,20,200,48,FACULTY OF EDUCATION LECTURE THEATRE,08:30AM - 10:30AM,22-May-2013
4683,EIN207,B. ED. ( BASIC EDUCATION),NULL,10,300,14,LECTURE THEATER,08:30AM - 10:30AM,08-May-2013
4684,ENP310,B.SC ( ENG. PHYSICS),NULL,6,300,52,FACULTY OF EDUCATION LECTURE THEATRE,12NOON - 14:00PM,10-May-2013
4685,MED316,MB Ch. B.,NULL,53,300,33,ASSEMBLY HALL,12NOON - 14:00PM,20-May-2013
4686,FRE314,B. A. ( ARTS),NULL,1,300,52,FACULTY OF EDUCATION LECTURE THEATRE,12NOON - 14:00PM,08-May-2013
4687,ECS399,B.ED (COMP. SCIENCE),NULL,9,300,47,FACULTY OF EDUCATION LECTURE THEATRE,08:30AM - 10:30AM,21-May-2013
4688,INF304,BSC ( INFO. TECH.),NULL,32,300,47,FACULTY OF EDUCATION LECTURE THEATRE,08:30AM - 10:30AM,21-May-2013
4689,AFS327,B. A. ( AFRICAN STUDIES),NULL,11,300,47,FACULTY OF EDUCATION LECTURE THEATRE,08:30AM - 10:30AM,21-May-2013
4690,EHS384,B. ED. ( HEALTH SCIENCES),NULL,2,300,19,LECTURE THEATER,15:30PM - 17:30PM,08-May-2013
4691,ECO310,B. A. ( SOCIAL SCIENCES),NULL,16,300,18,LECTURE THEATER,08:30AM - 10:30AM,14-May-2013
4692,EIN342,B. ED. ( BASIC EDUCATION),NULL,6,300,42,FACULTY OF EDUCATION LECTURE THEATRE,08:30AM - 10:30AM,17-May-2013
4693,ESC334,B. ED. ( SCIENCE),NULL,3,300,48,FACULTY OF EDUCATION LECTURE THEATRE,12NOON - 14:00PM,15-May-2013
4694,AEX306N,BSC. ( AGRIC. EXTENSION ),NULL,29,300,44,FACULTY OF EDUCATION LECTURE THEATRE,15:30PM - 17:30PM,21-May-2013
4695,EBS304,B. ED. ( BASIC. ED.),NULL,4,300,52,FACULTY OF EDUCATION LECTURE THEATRE,12NOON - 14:00PM,08-May-2013
4696,POH312,BA ( POP. & HEALTH.),NULL,37,300,47,FACULTY OF EDUCATION LECTURE THEATRE,08:30AM - 10:30AM,08-May-2013
4697,CHE399,BSC. ( WATER AND SANITATION),NULL,25,300,18,LECTURE THEATER,15:30PM - 17:30PM,10-May-2013
4698,ACT304,BSC. ( ACTUARIAL SCI.),NULL,25,300,42,FACULTY OF EDUCATION LECTURE THEATRE,08:30AM - 10:30AM,21-May-2013
4699,LIN306,B. A. ( ARTS),NULL,39,300,51,FACULTY OF EDUCATION LECTURE THEATRE,15:30PM - 17:30PM,23-May-2013
4700,OPT308,OD. ( OPTOMETRY),NULL,36,300,45,FACULTY OF EDUCATION LECTURE THEATRE,08:30AM - 10:30AM,22-May-2013
4701,ACR303N,BSC. ( AGRIC),NULL,102,300,29,LECTURE THEATER,12NOON - 14:00PM,20-May-2013
4702,MED306,MB Ch. B.,NULL,53,300,30,LECTURE THEATER,08:30AM - 10:30AM,14-May-2013
4703,POH322,BA ( POP. & HEALTH.),NULL,37,300,55,LECTURE THEATER,08:30AM - 10:30AM,09-May-2013
4704,HMG399,BSC ( HOSP. MGT.),NULL,85,300,29,LECTURE THEATER,12NOON - 14:00PM,09-May-2013
4705,EVT314,B. ED. ( HOME ECONS.),NULL,30,300,27,LECTURE THEATER,12NOON - 14:00PM,13-May-2013
4706,THS314,B. A. ( THEATRE STDS.),NULL,26,300,44,FACULTY OF EDUCATION LECTURE THEATRE,08:30AM - 10:30AM,23-May-2013
4707,AAS305N,BSC. ( AGRIC),NULL,102,300,46,FACULTY OF EDUCATION LECTURE THEATRE,08:30AM - 10:30AM,06-May-2013
4708,LAT308,BSC ( LAB. TECH),NULL,90,300,33,ASSEMBLY HALL,15:30PM - 17:30PM,21-May-2013
4709,BPS223,B. SC. (PSYCH),NULL,180,200,33,ASSEMBLY HALL,15:30PM - 17:30PM,08-May-2013
4710,MLT214B,BSC. ( MEDLAB),NULL,63,200,29,LECTURE THEATER,12NOON - 14:00PM,09-May-2013
4711,EHS202N,B. ED. ( HEALTH SCIENCES),NULL,40,200,52,FACULTY OF EDUCATION LECTURE THEATRE,12NOON - 14:00PM,08-May-2013
4712,NUR331,BSC. ( NURSING),NULL,179,300,32,"LARGE LECTURE THEATER ",08:30AM - 10:30AM,14-May-2013
4713,HUB412,BSC ( HUMAN BIOLOGY),NULL,66,400,32,"LARGE LECTURE THEATER ",12NOON - 14:00PM,17-May-2013
4714,NUR425,BSC. ( NURSING),NULL,143,400,32,"LARGE LECTURE THEATER ",15:30PM - 17:30PM,09-May-2013
4715,THS422,B. A. ( MUS. AND THEATRE STDS.),NULL,2,400,44,FACULTY OF EDUCATION LECTURE THEATRE,08:30AM - 10:30AM,09-May-2013
4716,HIS408,B. A. ( ARTS),NULL,2,400,24,LECTURE THEATER,15:30PM - 17:30PM,07-May-2013
4717,MUD409,BACHELOR OF MUSIC,NULL,19,400,44,FACULTY OF EDUCATION LECTURE THEATRE,12NOON - 14:00PM,09-May-2013
4718,ENG404,B. A. ( ARTS),NULL,5,400,24,LECTURE THEATER,08:30AM - 10:30AM,22-May-2013
4719,FRE412,B. A. ( ARTS),NULL,16,400,32,"LARGE LECTURE THEATER ",15:30PM - 17:30PM,10-May-2013
4720,THS421,B. A. ( MUS. AND THEATRE STDS.),NULL,2,400,42,FACULTY OF EDUCATION LECTURE THEATRE,08:30AM - 10:30AM,21-May-2013
4721,ENP404,B.SC ( ENG. PHYSICS),NULL,12,400,32,"LARGE LECTURE THEATER ",15:30PM - 17:30PM,21-May-2013
4722,AEX405N,BSC. ( AGRIC. EXTENSION ),NULL,26,400,46,FACULTY OF EDUCATION LECTURE THEATRE,12NOON - 14:00PM,13-May-2013
4723,POH428,BA ( POP. & HEALTH.),NULL,41,400,48,FACULTY OF EDUCATION LECTURE THEATRE,15:30PM - 17:30PM,08-May-2013
4724,CSC403,B.ED (COMP. SCIENCE),NULL,14,400,24,LECTURE THEATER,08:30AM - 10:30AM,22-May-2013
4725,CWS404,BSC. ( WATER AND SANITATION),NULL,11,400,46,FACULTY OF EDUCATION LECTURE THEATRE,08:30AM - 10:30AM,06-May-2013
4726,OPT414,OD. ( OPTOMETRY),NULL,12,400,49,FACULTY OF EDUCATION LECTURE THEATRE,12NOON - 14:00PM,20-May-2013
4727,CTN410,BSC ( INDUSTRIAL CHEMISTRY),NULL,16,400,27,LECTURE THEATER,12NOON - 14:00PM,13-May-2013
4728,AEX413N,BSC. ( AGRIC),NULL,7,400,19,LECTURE THEATER,15:30PM - 17:30PM,08-May-2013
4729,EBS402,B. ED. ( BASIC. ED.),NULL,10,400,32,"LARGE LECTURE THEATER ",12NOON - 14:00PM,17-May-2013
4730,EIN105B,B. ED. ( BASIC EDUCATION),NULL,87,400,32,"LARGE LECTURE THEATER ",08:30AM - 10:30AM,07-May-2013
4731,CHE402,B. ED. ( SCIENCE),NULL,6,400,35,ASSEMBLY HALL,12NOON - 14:00PM,07-May-2013
4732,PHY401,B. ED. ( SCIENCE),NULL,8,400,45,FACULTY OF EDUCATION LECTURE THEATRE,08:30AM - 10:30AM,22-May-2013
4733,CLA404,B. A. ( ARTS),NULL,10,400,48,FACULTY OF EDUCATION LECTURE THEATRE,12NOON - 14:00PM,17-May-2013
4734,FRE408,B. A. ( ARTS),NULL,18,400,49,FACULTY OF EDUCATION LECTURE THEATRE,15:30PM - 17:30PM,21-May-2013
4735,EBS406,B. ED. ( BASIC. ED.),NULL,6,400,46,FACULTY OF EDUCATION LECTURE THEATRE,12NOON - 14:00PM,21-May-2013
4736,THS425,B. A. ( MUS. AND THEATRE STDS.),NULL,2,400,34,"ASSEMBLY HALL ",15:30PM - 17:30PM,20-May-2013
4737,CWS428,BSC. ( WATER AND SANITATION),NULL,11,400,32,"LARGE LECTURE THEATER ",15:30PM - 17:30PM,09-May-2013
4738,MLT440A,BSC. ( MEDLAB),NULL,24,400,48,FACULTY OF EDUCATION LECTURE THEATRE,12NOON - 14:00PM,17-May-2013
4739,THS429,B. A. ( MUS. AND THEATRE STDS.),NULL,1,400,46,FACULTY OF EDUCATION LECTURE THEATRE,12NOON - 14:00PM,06-May-2013
4740,MLT217,BSC. ( MEDLAB),NULL,64,200,48,FACULTY OF EDUCATION LECTURE THEATRE,08:30AM - 10:30AM,22-May-2013
4741,MED204,MB Ch. B.,NULL,54,200,29,LECTURE THEATER,12NOON - 14:00PM,09-May-2013
4742,INF206,BSC ( INFO. TECH.),NULL,36,200,48,FACULTY OF EDUCATION LECTURE THEATRE,08:30AM - 10:30AM,22-May-2013
4743,EMA208,B. ED. ( MATHS),NULL,125,200,35,ASSEMBLY HALL,12NOON - 14:00PM,21-May-2013
4744,AEX202N,BSC. ( AGRIC),NULL,99,200,35,ASSEMBLY HALL,12NOON - 14:00PM,21-May-2013
4745,ACR204N,BSC. ( AGRIC),NULL,99,200,44,FACULTY OF EDUCATION LECTURE THEATRE,15:30PM - 17:30PM,21-May-2013
4746,EVT215,B. ED. ( HOME ECONS.),NULL,63,200,33,ASSEMBLY HALL,15:30PM - 17:30PM,17-May-2013
4747,EBS220,B. ED. ( BASIC. ED.),NULL,55,200,52,FACULTY OF EDUCATION LECTURE THEATRE,15:30PM - 17:30PM,10-May-2013
4748,MED298,MB Ch. B.,NULL,54,200,19,LECTURE THEATER,15:30PM - 17:30PM,08-May-2013
4749,ESS212,B. ED. ( MANAGEMENT),NULL,136,200,48,FACULTY OF EDUCATION LECTURE THEATRE,15:30PM - 17:30PM,22-May-2013
4750,POH206,BA ( POP. & HEALTH.),NULL,44,200,42,FACULTY OF EDUCATION LECTURE THEATRE,08:30AM - 10:30AM,17-May-2013
4751,MED206,MB Ch. B.,NULL,54,200,48,FACULTY OF EDUCATION LECTURE THEATRE,12NOON - 14:00PM,15-May-2013
4752,EMA212,B. ED. ( MATHS),NULL,126,200,48,FACULTY OF EDUCATION LECTURE THEATRE,12NOON - 14:00PM,15-May-2013
4753,AAS201N,BSC. ( AGRIC),NULL,108,200,49,FACULTY OF EDUCATION LECTURE THEATRE,12NOON - 14:00PM,24-May-2013
4754,EMA210,B. ED. ( MATHS),NULL,125,200,29,LECTURE THEATER,12NOON - 14:00PM,14-May-2013
4755,EBS223,B. ED. ( BASIC. ED.),NULL,55,200,33,ASSEMBLY HALL,12NOON - 14:00PM,20-May-2013
4756,EMG203,B. ED. ( MANAGEMENT),NULL,141,200,44,FACULTY OF EDUCATION LECTURE THEATRE,08:30AM - 10:30AM,09-May-2013
4757,BPS225,B. SC. (PSYCH),NULL,169,200,35,ASSEMBLY HALL,12NOON - 14:00PM,06-May-2013
4758,NUR230,BSC. ( NURSING),NULL,181,200,48,FACULTY OF EDUCATION LECTURE THEATRE,08:30AM - 10:30AM,09-May-2013
4759,GHL316A,B. A. ( ARTS),NULL,16,300,54,LECTURE THEATER,08:30AM - 10:30AM,06-May-2013
4760,INF302,BSC ( INFO. TECH.),NULL,32,300,32,"LARGE LECTURE THEATER ",08:30AM - 10:30AM,10-May-2013
4761,EHS464,B. ED. ( HEALTH SCIENCES),NULL,82,300,32,"LARGE LECTURE THEATER ",08:30AM - 10:30AM,10-May-2013
4762,CLA306,B. A. ( ARTS),NULL,10,300,54,LECTURE THEATER,08:30AM - 10:30AM,23-May-2013
4763,AGN398N,BSC. ( AGRIC),NULL,102,300,32,"LARGE LECTURE THEATER ",08:30AM - 10:30AM,10-May-2013
4764,MLT330A,BSC. ( MEDLAB),NULL,58,300,50,FACULTY OF EDUCATION LECTURE THEATRE,15:30PM - 17:30PM,21-May-2013
4765,ASS303N,BSC. ( AGRIC),NULL,102,300,32,"LARGE LECTURE THEATER ",12NOON - 14:00PM,09-May-2013
4766,LAT307,BSC ( LAB. TECH),NULL,90,300,36,CAFETERIA ROOF TOP,12NOON - 14:00PM,06-May-2013
4767,TMG399,BSC ( TOURISM MGT),NULL,56,300,43,FACULTY OF EDUCATION LECTURE THEATRE,12NOON - 14:00PM,09-May-2013
4768,MED308,MB Ch. B.,NULL,53,300,52,FACULTY OF EDUCATION LECTURE THEATRE,08:30AM - 10:30AM,24-May-2013
4769,BPS399,B. SC. (PSYCH),NULL,192,300,48,FACULTY OF EDUCATION LECTURE THEATRE,12NOON - 14:00PM,13-May-2013
4770,BPS324,B. SC. (PSYCH),NULL,42,300,40,FACULTY OF EDUCATION LECTURE THEATRE,12NOON - 14:00PM,24-May-2013
4771,ECE310,B. ED. ( EARLY CHILDHOOD EDUCATION),NULL,70,300,49,FACULTY OF EDUCATION LECTURE THEATRE,15:30PM - 17:30PM,21-May-2013
4339,ENS302,BSC. ( BIOLOGICAL SCIENCES),NULL,44,300,49,FACULTY OF EDUCATION LECTURE THEATRE,15:30PM - 17:30PM,21-May-2013
4340,MED398,MB Ch. B.,NULL,53,300,35,ASSEMBLY HALL,08:30AM - 10:30AM,15-May-2013
4341,ACR304N,BSC. ( AGRIC),NULL,103,300,44,FACULTY OF EDUCATION LECTURE THEATRE,12NOON - 14:00PM,09-May-2013
4342,AFS311,B. A. ( AFRICAN STUDIES),NULL,61,300,50,FACULTY OF EDUCATION LECTURE THEATRE,12NOON - 14:00PM,17-May-2013
4343,HUB308,BSC ( HUMAN BIOLOGY),NULL,89,300,44,FACULTY OF EDUCATION LECTURE THEATRE,08:30AM - 10:30AM,21-May-2013
4344,EMA310,B. ED. ( MATHS),NULL,89,300,50,FACULTY OF EDUCATION LECTURE THEATRE,08:30AM - 10:30AM,06-May-2013
4345,BPS326,B. SC. (PSYCH),NULL,201,300,32,"LARGE LECTURE THEATER ",15:30PM - 17:30PM,09-May-2013
4346,ECE308,B. ED. ( EARLY CHILDHOOD EDUCATION),NULL,70,300,32,"LARGE LECTURE THEATER ",15:30PM - 17:30PM,09-May-2013
4347,BPS328,B. SC. (PSYCH),NULL,191,300,32,"LARGE LECTURE THEATER ",12NOON - 14:00PM,17-May-2013
4348,NUR311,BSC. ( NURSING),NULL,179,300,32,"LARGE LECTURE THEATER ",12NOON - 14:00PM,17-May-2013
4349,EIN323,B. ED. ( BASIC EDUCATION),NULL,101,300,49,FACULTY OF EDUCATION LECTURE THEATRE,12NOON - 14:00PM,20-May-2013
4350,AFS319,B. A. ( AFRICAN STUDIES),NULL,61,300,46,FACULTY OF EDUCATION LECTURE THEATRE,15:30PM - 17:30PM,24-May-2013
4351,EVT317,B. ED. ( HOME ECONS.),NULL,111,300,32,"LARGE LECTURE THEATER ",12NOON - 14:00PM,09-May-2013
4352,EIN322,B. ED. ( BASIC EDUCATION),NULL,101,300,49,FACULTY OF EDUCATION LECTURE THEATRE,15:30PM - 17:30PM,14-May-2013
4353,MED302,MB Ch. B.,NULL,53,300,46,FACULTY OF EDUCATION LECTURE THEATRE,12NOON - 14:00PM,13-May-2013
4354,EIN321,B. ED. ( BASIC EDUCATION),NULL,101,300,44,FACULTY OF EDUCATION LECTURE THEATRE,15:30PM - 17:30PM,23-May-2013
4355,EMG304,B. ED. ( MANAGEMENT),NULL,204,300,32,"LARGE LECTURE THEATER ",08:30AM - 10:30AM,07-May-2013
4356,MLT326,BSC. ( MEDLAB),NULL,58,300,44,FACULTY OF EDUCATION LECTURE THEATRE,15:30PM - 17:30PM,23-May-2013
4357,AEN301N,BSC. ( AGRIC),NULL,104,300,32,"LARGE LECTURE THEATER ",12NOON - 14:00PM,17-May-2013
4358,OPT306,OD. ( OPTOMETRY),NULL,36,300,46,FACULTY OF EDUCATION LECTURE THEATRE,15:30PM - 17:30PM,24-May-2013
4359,MED314,MB Ch. B.,NULL,53,300,32,"LARGE LECTURE THEATER ",15:30PM - 17:30PM,09-May-2013
4360,LAT302A,BSC ( LAB. TECH),NULL,90,300,32,"LARGE LECTURE THEATER ",08:30AM - 10:30AM,07-May-2013
4361,NUR307,BSC. ( NURSING),NULL,179,300,48,FACULTY OF EDUCATION LECTURE THEATRE,15:30PM - 17:30PM,08-May-2013
4362,EVT316,B. ED. ( HOME ECONS.),NULL,110,300,48,FACULTY OF EDUCATION LECTURE THEATRE,12NOON - 14:00PM,17-May-2013
4363,MGT311,B. COM.,NULL,323,300,32,"LARGE LECTURE THEATER ",12NOON - 14:00PM,22-May-2013
4364,NUR315,BSC. ( NURSING),NULL,179,300,33,ASSEMBLY HALL,15:30PM - 17:30PM,10-May-2013
4365,NUR326,BSC. ( NURSING),NULL,179,300,33,ASSEMBLY HALL,12NOON - 14:00PM,21-May-2013
4366,NUR399,BSC. ( NURSING),NULL,179,300,32,"LARGE LECTURE THEATER ",08:30AM - 10:30AM,24-May-2013
4367,BPS321,B. SC. (PSYCH),NULL,193,300,32,"LARGE LECTURE THEATER ",15:30PM - 17:30PM,21-May-2013
4368,THS420,B. A. ( MUS. AND THEATRE STDS.),NULL,1,400,40,FACULTY OF EDUCATION LECTURE THEATRE,15:30PM - 17:30PM,13-May-2013
4369,GHL412E,B. ED. ( ARTS),NULL,3,400,32,"LARGE LECTURE THEATER ",08:30AM - 10:30AM,07-May-2013
4370,ASS407N,BSC. ( AGRIC),NULL,2,400,41,FACULTY OF EDUCATION LECTURE THEATRE,12NOON - 14:00PM,07-May-2013
4371,CLA422,B. A. ( ARTS),NULL,4,400,52,FACULTY OF EDUCATION LECTURE THEATRE,12NOON - 14:00PM,08-May-2013
4372,ENW412,BSC. ( ENT. AND WILDLIFE),NULL,17,400,32,"LARGE LECTURE THEATER ",12NOON - 14:00PM,22-May-2013
4373,HMG412,BSC ( HOSP. MGT.),NULL,32,400,32,"LARGE LECTURE THEATER ",15:30PM - 17:30PM,21-May-2013
4374,CHE404,B. ED. ( SCIENCE),NULL,6,400,50,FACULTY OF EDUCATION LECTURE THEATRE,12NOON - 14:00PM,17-May-2013
4375,ENW413,BSC. ( ENT. AND WILDLIFE),NULL,2,400,46,FACULTY OF EDUCATION LECTURE THEATRE,12NOON - 14:00PM,13-May-2013
4376,MAT418,BSC ( MATHEMATICS),NULL,11,400,42,FACULTY OF EDUCATION LECTURE THEATRE,08:30AM - 10:30AM,15-May-2013
4377,PFL424,BA ( POP. & HEALTH.),NULL,1,400,27,LECTURE THEATER,08:30AM - 10:30AM,21-May-2013
4378,OPT406,OD. ( OPTOMETRY),NULL,12,400,40,FACULTY OF EDUCATION LECTURE THEATRE,12NOON - 14:00PM,24-May-2013
4045,ENG105B,,15,24,100,27,LECTURE THEATER,08:30AM - 10:30AM,08-May-2013
4046,ENG105B,,21,52,100,21,LECTURE THEATER,08:30AM - 10:30AM,08-May-2013
4047,ENG105B,,21,28,100,25,LECTURE THEATER,08:30AM - 10:30AM,08-May-2013
4048,ENG105B,,22,50,100,24,LECTURE THEATER,08:30AM - 10:30AM,08-May-2013
4049,ENG105B,,22,30,100,54,LECTURE THEATER,08:30AM - 10:30AM,08-May-2013
4050,ENG105B,,23,50,100,28,LECTURE THEATER,08:30AM - 10:30AM,08-May-2013
4051,ENG105B,,23,30,100,26,LECTURE THEATER,08:30AM - 10:30AM,08-May-2013
4052,ENG105B,,40,50,100,53,LECTURE THEATER,08:30AM - 10:30AM,08-May-2013
4053,ENG105B,,40,30,100,19,LECTURE THEATER,08:30AM - 10:30AM,08-May-2013
4054,ENG105B,,8,48,100,37,CAFETERIA ROOF TOP,08:30AM - 10:30AM,08-May-2013
4055,ENG105B,,8,27,100,38,CAFETERIA ROOF TOP,08:30AM - 10:30AM,08-May-2013
4056,ASP109B,NULL,NULL,315,100,32,"LARGE LECTURE THEATER ",08:30AM - 10:30AM,07-May-2013
4057,ASP122B,NULL,NULL,209,100,32,"LARGE LECTURE THEATER ",08:30AM - 10:30AM,07-May-2013
4058,ASP132,NULL,NULL,1,100,32,"LARGE LECTURE THEATER ",08:30AM - 10:30AM,07-May-2013
4059,ASP131B,NULL,NULL,290,100,35,ASSEMBLY HALL,08:30AM - 10:30AM,07-May-2013
4060,ASP115B,NULL,NULL,220,100,47,FACULTY OF EDUCATION LECTURE THEATRE,08:30AM - 10:30AM,07-May-2013
4061,ASP151B,NULL,NULL,220,100,48,FACULTY OF EDUCATION LECTURE THEATRE,08:30AM - 10:30AM,07-May-2013
4062,ASP111B,NULL,NULL,186,100,33,ASSEMBLY HALL,08:30AM - 10:30AM,07-May-2013
4063,ASP140B,NULL,NULL,160,100,44,FACULTY OF EDUCATION LECTURE THEATRE,08:30AM - 10:30AM,07-May-2013
4064,ASP132B,NULL,NULL,150,100,77,CENTER FOR CONTINUING EDUCATION,08:30AM - 10:30AM,07-May-2013
4065,ASP116B,NULL,NULL,150,100,78,CENTER FOR CONTINUING EDUCATION,08:30AM - 10:30AM,07-May-2013
4066,ASP115B,NULL,NULL,61,100,40,FACULTY OF EDUCATION LECTURE THEATRE,08:30AM - 10:30AM,07-May-2013
4067,ASP116B,NULL,NULL,65,100,81,CENTER FOR CONTINUING EDUCATION,08:30AM - 10:30AM,07-May-2013
4068,ASP151B,NULL,NULL,44,100,52,FACULTY OF EDUCATION LECTURE THEATRE,08:30AM - 10:30AM,07-May-2013
4069,ASP132B,NULL,NULL,66,100,81,CENTER FOR CONTINUING EDUCATION,08:30AM - 10:30AM,07-May-2013
4070,ASP140B,NULL,NULL,90,100,46,FACULTY OF EDUCATION LECTURE THEATRE,08:30AM - 10:30AM,07-May-2013
4071,ASP131B,NULL,NULL,10,100,34,"ASSEMBLY HALL ",08:30AM - 10:30AM,07-May-2013
4072,ASP111B,NULL,NULL,69,100,34,"ASSEMBLY HALL ",08:30AM - 10:30AM,07-May-2013
4073,ASP153B,NULL,NULL,215,100,32,"LARGE LECTURE THEATER ",12NOON - 14:00PM,07-May-2013
4074,ASP106B,NULL,NULL,212,100,35,ASSEMBLY HALL,12NOON - 14:00PM,07-May-2013
4075,ASP148B,NULL,NULL,211,100,47,FACULTY OF EDUCATION LECTURE THEATRE,12NOON - 14:00PM,07-May-2013
4076,ASP103B,NULL,NULL,208,100,48,FACULTY OF EDUCATION LECTURE THEATRE,12NOON - 14:00PM,07-May-2013
4077,ASP102B,NULL,NULL,200,100,32,"LARGE LECTURE THEATER ",12NOON - 14:00PM,07-May-2013
4078,ASP152B,NULL,NULL,186,100,33,ASSEMBLY HALL,12NOON - 14:00PM,07-May-2013
4079,ASP136B,NULL,NULL,160,100,44,FACULTY OF EDUCATION LECTURE THEATRE,12NOON - 14:00PM,07-May-2013
4080,ASP141B,NULL,NULL,150,100,77,CENTER FOR CONTINUING EDUCATION,12NOON - 14:00PM,07-May-2013
4081,ASP133B,NULL,NULL,150,100,78,CENTER FOR CONTINUING EDUCATION,12NOON - 14:00PM,07-May-2013
4082,ASP133B,NULL,NULL,30,100,83,CENTER FOR CONTINUING EDUCATION,12NOON - 14:00PM,07-May-2013
4083,ASP141B,NULL,NULL,49,100,85,CENTER FOR CONTINUING EDUCATION,12NOON - 14:00PM,07-May-2013
4084,ASP136B,NULL,NULL,39,100,51,FACULTY OF EDUCATION LECTURE THEATRE,12NOON - 14:00PM,07-May-2013
4085,ASP152B,NULL,NULL,18,100,35,ASSEMBLY HALL,12NOON - 14:00PM,07-May-2013
4086,HIV101,B. COM.,NULL,376,100,32,"LARGE LECTURE THEATER ",15:30PM - 17:30PM,08-May-2013
4087,HIV101,B. ED. ( SOC. STD.),NULL,55,100,32,"LARGE LECTURE THEATER ",15:30PM - 17:30PM,08-May-2013
4088,HIV101,B. ED. ( HOME ECONS.),NULL,56,100,32,"LARGE LECTURE THEATER ",15:30PM - 17:30PM,08-May-2013
4089,HIV101,BSC ( HOSP. MGT.),NULL,1,100,32,"LARGE LECTURE THEATER ",15:30PM - 17:30PM,08-May-2013
4090,HIV101,B. ED. ( BASIC. ED.),NULL,61,100,32,"LARGE LECTURE THEATER ",15:30PM - 17:30PM,08-May-2013
4091,HIV101,B. A. ( SOCIAL SCIENCES),NULL,1,100,32,"LARGE LECTURE THEATER ",15:30PM - 17:30PM,08-May-2013
4092,HIV101,B.M.S.,NULL,266,100,35,ASSEMBLY HALL,15:30PM - 17:30PM,08-May-2013
4093,HIV101,B. ED. ( SCIENCE),NULL,2,100,35,ASSEMBLY HALL,15:30PM - 17:30PM,08-May-2013
4379,AFS414,B. A. ( AFRICAN STUDIES),NULL,6,400,42,FACULTY OF EDUCATION LECTURE THEATRE,08:30AM - 10:30AM,17-May-2013
4380,AEN401N,BSC. ( AGRIC. EXTENSION ),NULL,26,400,32,"LARGE LECTURE THEATER ",15:30PM - 17:30PM,21-May-2013
4381,THS418,B. A. ( MUS. AND THEATRE STDS.),NULL,1,400,52,FACULTY OF EDUCATION LECTURE THEATRE,15:30PM - 17:30PM,10-May-2013
4382,MUD413,BACHELOR OF MUSIC,NULL,1,400,33,ASSEMBLY HALL,15:30PM - 17:30PM,10-May-2013
4383,ACR402N,BSC. ( AGRIC),NULL,115,400,32,"LARGE LECTURE THEATER ",08:30AM - 10:30AM,07-May-2013
4384,BCH412,B.SC. ( BIOCHEMISTRY),NULL,23,400,32,"LARGE LECTURE THEATER ",12NOON - 14:00PM,22-May-2013
4385,FRE405,B. A. ( ARTS),NULL,1,400,35,ASSEMBLY HALL,08:30AM - 10:30AM,07-May-2013
4386,PFL404,BA ( POP. & HEALTH.),NULL,1,400,35,ASSEMBLY HALL,08:30AM - 10:30AM,07-May-2013
4387,ENS408A,B.SC ( ENV. SCIENCES),NULL,63,400,50,FACULTY OF EDUCATION LECTURE THEATRE,12NOON - 14:00PM,17-May-2013
4388,EBS415,B. ED. ( BASIC. ED.),NULL,10,400,32,"LARGE LECTURE THEATER ",15:30PM - 17:30PM,09-May-2013
4389,AFS407,B. A. ( AFRICAN STUDIES),NULL,41,400,32,"LARGE LECTURE THEATER ",15:30PM - 17:30PM,09-May-2013
4390,CWS422,BSC. ( WATER AND SANITATION),NULL,11,400,32,"LARGE LECTURE THEATER ",08:30AM - 10:30AM,24-May-2013
4391,LAT404,BSC ( LAB. TECH),NULL,75,400,32,"LARGE LECTURE THEATER ",12NOON - 14:00PM,22-May-2013
4392,MBB412,BSC ( MOL. BIO. AND BIOTECH.),NULL,79,400,32,"LARGE LECTURE THEATER ",12NOON - 14:00PM,22-May-2013
4393,MAT402,BSC ( MATHEMATICS),NULL,11,400,36,CAFETERIA ROOF TOP,12NOON - 14:00PM,06-May-2013
4394,EPH447,B. ED. ( HPER),NULL,17,400,50,FACULTY OF EDUCATION LECTURE THEATRE,08:30AM - 10:30AM,06-May-2013
4395,OPT416,OD. ( OPTOMETRY),NULL,12,400,33,ASSEMBLY HALL,15:30PM - 17:30PM,21-May-2013
4396,EHS440,B. ED. ( HEALTH SCIENCES),NULL,1,400,18,LECTURE THEATER,12NOON - 14:00PM,07-May-2013
4397,PHL402,B. A. ( ARTS),NULL,24,400,33,ASSEMBLY HALL,15:30PM - 17:30PM,21-May-2013
4398,MUD410,BACHELOR OF MUSIC,NULL,19,400,48,FACULTY OF EDUCATION LECTURE THEATRE,12NOON - 14:00PM,17-May-2013
4399,AFS423,B. A. ( AFRICAN STUDIES),NULL,10,400,48,FACULTY OF EDUCATION LECTURE THEATRE,15:30PM - 17:30PM,22-May-2013
4400,OPT404,OD. ( OPTOMETRY),NULL,12,400,37,CAFETERIA ROOF TOP,12NOON - 14:00PM,06-May-2013
4401,PFL422,BA ( POP. & HEALTH.),NULL,1,400,48,FACULTY OF EDUCATION LECTURE THEATRE,12NOON - 14:00PM,15-May-2013
4402,GHL412G,B. A. ( ARTS),NULL,1,400,28,LECTURE THEATER,15:30PM - 17:30PM,15-May-2013
4403,ACR411N,BSC. ( AGRIC),NULL,4,400,50,FACULTY OF EDUCATION LECTURE THEATRE,12NOON - 14:00PM,17-May-2013
4404,EPH446,B. ED. ( HPER),NULL,29,400,48,FACULTY OF EDUCATION LECTURE THEATRE,12NOON - 14:00PM,17-May-2013
4405,MLT451A,BSC. ( MEDLAB),NULL,24,400,32,"LARGE LECTURE THEATER ",12NOON - 14:00PM,22-May-2013
4406,RHV429,B. A. ( ARTS),NULL,4,400,48,FACULTY OF EDUCATION LECTURE THEATRE,12NOON - 14:00PM,22-May-2013
4407,FAS419,BSC ( FISHERIES AND AQUA. SCI.),NULL,18,400,32,"LARGE LECTURE THEATER ",15:30PM - 17:30PM,21-May-2013
4408,AEX425N,BSC. ( AGRIC),NULL,27,400,44,FACULTY OF EDUCATION LECTURE THEATRE,08:30AM - 10:30AM,21-May-2013
4409,ACR404N,BSC. ( AGRIC),NULL,4,400,35,ASSEMBLY HALL,12NOON - 14:00PM,06-May-2013
4410,CTN411,BSC ( INDUSTRIAL CHEMISTRY),NULL,16,400,32,"LARGE LECTURE THEATER ",08:30AM - 10:30AM,07-May-2013
4411,GEO403,B. A. ( SOCIAL SCIENCES),NULL,3,400,50,FACULTY OF EDUCATION LECTURE THEATRE,12NOON - 14:00PM,17-May-2013
4412,CLA415,B. A. ( ARTS),NULL,2,400,34,"ASSEMBLY HALL ",08:30AM - 10:30AM,07-May-2013
4413,MUD411,BACHELOR OF MUSIC,NULL,2,400,12,LECTURE THEATER,12NOON - 14:00PM,22-May-2013
4414,THS423,B. A. ( MUS. AND THEATRE STDS.),NULL,2,400,43,FACULTY OF EDUCATION LECTURE THEATRE,15:30PM - 17:30PM,22-May-2013
4415,EMA402,B. ED. ( MATHS),NULL,27,400,32,"LARGE LECTURE THEATER ",08:30AM - 10:30AM,07-May-2013
4416,ASS408N,BSC. ( AGRIC),NULL,8,400,47,FACULTY OF EDUCATION LECTURE THEATRE,08:30AM - 10:30AM,22-May-2013
4417,PFL402,BA ( POP. & HEALTH.),NULL,1,400,32,"LARGE LECTURE THEATER ",08:30AM - 10:30AM,16-May-2013
4418,GHL420G,B. A. ( ARTS),NULL,1,400,50,FACULTY OF EDUCATION LECTURE THEATRE,12NOON - 14:00PM,17-May-2013
4133,ILT101,BSC. ( NURSING),NULL,58,100,33,ASSEMBLY HALL,15:30PM - 17:30PM,06-May-2013
4134,ILT101,BSC ( HOSP. MGT.),NULL,54,100,33,ASSEMBLY HALL,15:30PM - 17:30PM,06-May-2013
4135,ILT101,BSC ( INFO. TECH.),NULL,52,100,33,ASSEMBLY HALL,15:30PM - 17:30PM,06-May-2013
4136,ILT101,BSC ( LAB. TECH),NULL,55,100,44,FACULTY OF EDUCATION LECTURE THEATRE,15:30PM - 17:30PM,06-May-2013
4137,ILT101,BSC ( INDUSTRIAL CHEMISTRY),NULL,24,100,44,FACULTY OF EDUCATION LECTURE THEATRE,15:30PM - 17:30PM,06-May-2013
4138,ILT101,BSC ( MATHS AND STATISTICS.),NULL,25,100,44,FACULTY OF EDUCATION LECTURE THEATRE,15:30PM - 17:30PM,06-May-2013
4139,ILT101,BSC ( MATHS WITH BUS.),NULL,45,100,44,FACULTY OF EDUCATION LECTURE THEATRE,15:30PM - 17:30PM,06-May-2013
4140,ILT101,OD. ( OPTOMETRY),NULL,50,100,49,FACULTY OF EDUCATION LECTURE THEATRE,15:30PM - 17:30PM,06-May-2013
4141,ILT101,BSC. ( AGRIC. EXTENSION ),NULL,29,100,49,FACULTY OF EDUCATION LECTURE THEATRE,15:30PM - 17:30PM,06-May-2013
4142,ILT101,B.SC ( COMP. SCIENCE),NULL,40,100,49,FACULTY OF EDUCATION LECTURE THEATRE,15:30PM - 17:30PM,06-May-2013
4143,ILT101,B.SC ( ENG. PHYSICS),NULL,43,100,50,FACULTY OF EDUCATION LECTURE THEATRE,15:30PM - 17:30PM,06-May-2013
4144,ILT101,B.A. ( ANTHROPOLOGY),NULL,23,100,50,FACULTY OF EDUCATION LECTURE THEATRE,15:30PM - 17:30PM,06-May-2013
4145,ILT101,BA ( POP. & HEALTH.),NULL,42,100,50,FACULTY OF EDUCATION LECTURE THEATRE,15:30PM - 17:30PM,06-May-2013
4146,ILT101,B. A. ( AFRICAN STUDIES),NULL,36,100,29,LECTURE THEATER,15:30PM - 17:30PM,06-May-2013
4147,LED120,NULL,NULL,262,100,32,"LARGE LECTURE THEATER ",08:30AM - 10:30AM,06-May-2013
4148,LSC110,NULL,NULL,259,100,35,ASSEMBLY HALL,08:30AM - 10:30AM,06-May-2013
4149,LAR120,NULL,NULL,243,100,32,"LARGE LECTURE THEATER ",08:30AM - 10:30AM,06-May-2013
4150,LAR108,NULL,NULL,36,100,32,"LARGE LECTURE THEATER ",08:30AM - 10:30AM,06-May-2013
4151,LSS104K,NULL,NULL,1,200,32,"LARGE LECTURE THEATER ",08:30AM - 10:30AM,06-May-2013
4152,LAR117,NULL,NULL,3,100,32,"LARGE LECTURE THEATER ",08:30AM - 10:30AM,06-May-2013
4153,LAR112,NULL,NULL,5,100,32,"LARGE LECTURE THEATER ",08:30AM - 10:30AM,06-May-2013
4154,LAR110B,NULL,NULL,3,100,35,ASSEMBLY HALL,08:30AM - 10:30AM,06-May-2013
4155,LSS104,NULL,NULL,220,100,47,FACULTY OF EDUCATION LECTURE THEATRE,08:30AM - 10:30AM,06-May-2013
4156,LSS104,NULL,NULL,35,100,48,FACULTY OF EDUCATION LECTURE THEATRE,08:30AM - 10:30AM,06-May-2013
4157,LAR109,NULL,NULL,30,100,48,FACULTY OF EDUCATION LECTURE THEATRE,08:30AM - 10:30AM,06-May-2013
4158,LSS105,NULL,NULL,121,100,48,FACULTY OF EDUCATION LECTURE THEATRE,08:30AM - 10:30AM,06-May-2013
4159,LSC104,NULL,NULL,186,100,33,ASSEMBLY HALL,08:30AM - 10:30AM,06-May-2013
4160,LSC104,NULL,NULL,67,100,34,"ASSEMBLY HALL ",08:30AM - 10:30AM,06-May-2013
4161,LSS103,NULL,NULL,160,100,44,FACULTY OF EDUCATION LECTURE THEATRE,08:30AM - 10:30AM,06-May-2013
4162,LSS103,NULL,NULL,92,100,50,FACULTY OF EDUCATION LECTURE THEATRE,08:30AM - 10:30AM,06-May-2013
4163,LAG109,NULL,NULL,150,100,77,CENTER FOR CONTINUING EDUCATION,08:30AM - 10:30AM,06-May-2013
4164,LAG109,NULL,NULL,82,100,84,CENTER FOR CONTINUING EDUCATION,08:30AM - 10:30AM,06-May-2013
4165,LED130,NULL,NULL,150,100,78,CENTER FOR CONTINUING EDUCATION,08:30AM - 10:30AM,06-May-2013
4166,LED130,NULL,NULL,82,100,87,CENTER FOR CONTINUING EDUCATION,08:30AM - 10:30AM,06-May-2013
4167,LED102,NULL,NULL,150,100,79,CENTER FOR CONTINUING EDUCATION,08:30AM - 10:30AM,06-May-2013
4168,LED102,NULL,NULL,76,100,81,CENTER FOR CONTINUING EDUCATION,08:30AM - 10:30AM,06-May-2013
4169,LSC105,NULL,NULL,150,100,80,CENTER FOR CONTINUING EDUCATION,08:30AM - 10:30AM,06-May-2013
4170,LSC105,NULL,NULL,66,100,85,CENTER FOR CONTINUING EDUCATION,08:30AM - 10:30AM,06-May-2013
4171,LAR105,NULL,NULL,150,100,82,CENTER FOR CONTINUING EDUCATION,08:30AM - 10:30AM,06-May-2013
4172,LAR105,NULL,NULL,64,100,81,CENTER FOR CONTINUING EDUCATION,08:30AM - 10:30AM,06-May-2013
4173,LAR106,NULL,NULL,150,100,83,CENTER FOR CONTINUING EDUCATION,08:30AM - 10:30AM,06-May-2013
4174,LAR106,NULL,NULL,62,100,85,CENTER FOR CONTINUING EDUCATION,08:30AM - 10:30AM,06-May-2013
4175,LSB102,NULL,NULL,150,100,86,CENTER FOR CONTINUING EDUCATION,08:30AM - 10:30AM,06-May-2013
4176,LSB102,NULL,NULL,55,100,87,CENTER FOR CONTINUING EDUCATION,08:30AM - 10:30AM,06-May-2013
4459,AEC410N,BSC. ( AGRIC),NULL,20,400,4,LECTURE THEATER,15:30PM - 17:30PM,22-May-2013
4460,PHL407,B. A. ( ARTS),NULL,56,400,34,"ASSEMBLY HALL ",08:30AM - 10:30AM,09-May-2013
4461,EMG413,B. ED. ( SOC. SCI.),NULL,59,400,43,FACULTY OF EDUCATION LECTURE THEATRE,15:30PM - 17:30PM,23-May-2013
4462,ESC405,B. ED. ( SCIENCE),NULL,42,400,46,FACULTY OF EDUCATION LECTURE THEATRE,12NOON - 14:00PM,16-May-2013
4463,ASS401N,BSC. ( AGRIC. EXTENSION ),NULL,26,400,47,FACULTY OF EDUCATION LECTURE THEATRE,15:30PM - 17:30PM,22-May-2013
4464,CTN408,BSC ( INDUSTRIAL CHEMISTRY),NULL,16,400,28,LECTURE THEATER,12NOON - 14:00PM,20-May-2013
4465,EPH443,B. ED. ( HPER),NULL,45,400,18,LECTURE THEATER,15:30PM - 17:30PM,14-May-2013
4466,MUD408,BACHELOR OF MUSIC,NULL,19,400,53,LECTURE THEATER,12NOON - 14:00PM,20-May-2013
4467,ACR406N,BSC. ( AGRIC),NULL,23,400,31,LECTURE THEATER,08:30AM - 10:30AM,15-May-2013
4468,BCH404,B.SC. ( BIOCHEMISTRY),NULL,30,400,29,LECTURE THEATER,12NOON - 14:00PM,23-May-2013
4469,HMG406,BSC ( HOSP. MGT.),NULL,38,400,49,FACULTY OF EDUCATION LECTURE THEATRE,08:30AM - 10:30AM,22-May-2013
4470,EAS403,B. ED. ( ARTS),NULL,16,400,24,LECTURE THEATER,08:30AM - 10:30AM,20-May-2013
4471,AEN405N,BSC. ( AGRIC),NULL,32,400,32,"LARGE LECTURE THEATER ",15:30PM - 17:30PM,17-May-2013
4472,EBS408,B. ED. ( BASIC. ED.),NULL,14,400,24,LECTURE THEATER,08:30AM - 10:30AM,20-May-2013
4473,EMA401,B. ED. ( MATHS),NULL,76,400,49,FACULTY OF EDUCATION LECTURE THEATRE,08:30AM - 10:30AM,22-May-2013
4474,ENP406,B.SC ( ENG. PHYSICS),NULL,12,400,46,FACULTY OF EDUCATION LECTURE THEATRE,15:30PM - 17:30PM,24-May-2013
4475,EHS406,B. ED. ( HEALTH SCIENCES),NULL,11,400,50,FACULTY OF EDUCATION LECTURE THEATRE,08:30AM - 10:30AM,06-May-2013
4476,MED410,MB Ch. B.,NULL,49,400,32,"LARGE LECTURE THEATER ",15:30PM - 17:30PM,17-May-2013
4477,AEX406N,BSC. ( AGRIC. EXTENSION ),NULL,26,400,36,CAFETERIA ROOF TOP,12NOON - 14:00PM,17-May-2013
4478,CWS402,BSC. ( WATER AND SANITATION),NULL,11,400,44,FACULTY OF EDUCATION LECTURE THEATRE,08:30AM - 10:30AM,21-May-2013
4479,NUR418,BSC. ( NURSING),NULL,143,400,47,FACULTY OF EDUCATION LECTURE THEATRE,15:30PM - 17:30PM,22-May-2013
4480,POH424,BA ( POP. & HEALTH.),NULL,37,400,36,CAFETERIA ROOF TOP,12NOON - 14:00PM,17-May-2013
4481,ASS409N,BSC. ( AGRIC),NULL,14,400,33,ASSEMBLY HALL,15:30PM - 17:30PM,24-May-2013
4482,POH404,BA ( POP. & HEALTH.),NULL,39,400,29,LECTURE THEATER,12NOON - 14:00PM,23-May-2013
4483,BPS427,B. SC. (PSYCH),NULL,56,400,29,LECTURE THEATER,12NOON - 14:00PM,23-May-2013
4484,FAS418,BSC ( FISHERIES AND AQUA. SCI.),NULL,18,400,24,LECTURE THEATER,08:30AM - 10:30AM,20-May-2013
4485,LAT417,BSC ( LAB. TECH),NULL,75,400,32,"LARGE LECTURE THEATER ",15:30PM - 17:30PM,17-May-2013
4486,ENS404,B.SC ( ENV. SCIENCES),NULL,63,400,33,ASSEMBLY HALL,15:30PM - 17:30PM,24-May-2013
4487,EIN427,B. ED. ( BASIC EDUCATION),NULL,87,400,33,ASSEMBLY HALL,15:30PM - 17:30PM,16-May-2013
4488,MLT430A,BSC. ( MEDLAB),NULL,24,400,33,ASSEMBLY HALL,15:30PM - 17:30PM,24-May-2013
4489,AFS426,B. A. ( AFRICAN STUDIES),NULL,25,400,53,LECTURE THEATER,12NOON - 14:00PM,20-May-2013
4490,ESC401,B. ED. ( SCIENCE),NULL,42,400,33,ASSEMBLY HALL,15:30PM - 17:30PM,21-May-2013
4491,NUR421,BSC. ( NURSING),NULL,143,400,32,"LARGE LECTURE THEATER ",15:30PM - 17:30PM,17-May-2013
4492,EMA406,B. ED. ( MATHS),NULL,50,400,46,FACULTY OF EDUCATION LECTURE THEATRE,12NOON - 14:00PM,16-May-2013
4493,AFS410,B. A. ( AFRICAN STUDIES),NULL,10,400,36,CAFETERIA ROOF TOP,12NOON - 14:00PM,16-May-2013
4494,FAS417,BSC ( FISHERIES AND AQUA. SCI.),NULL,18,400,33,ASSEMBLY HALL,15:30PM - 17:30PM,24-May-2013
4495,AAS406N,BSC. ( AGRIC),NULL,29,400,31,LECTURE THEATER,08:30AM - 10:30AM,15-May-2013
4496,LIN407,B. A. ( ARTS),NULL,28,400,28,LECTURE THEATER,12NOON - 14:00PM,20-May-2013
4497,EIN147,B. ED. ( BASIC EDUCATION),NULL,87,400,32,"LARGE LECTURE THEATER ",15:30PM - 17:30PM,17-May-2013
4498,LIN408,B. A. ( ARTS),NULL,22,400,53,LECTURE THEATER,08:30AM - 10:30AM,24-May-2013
4499,HUB406,BSC ( HUMAN BIOLOGY),NULL,66,400,50,FACULTY OF EDUCATION LECTURE THEATRE,15:30PM - 17:30PM,14-May-2013
4500,ESS402,B. ED. ( SOC. STD.),NULL,72,400,32,"LARGE LECTURE THEATER ",15:30PM - 17:30PM,17-May-2013
4501,EBS414,B. ED. ( BASIC. ED.),NULL,51,400,47,FACULTY OF EDUCATION LECTURE THEATRE,15:30PM - 17:30PM,22-May-2013
4502,EHS427,B. ED. ( HEALTH SCIENCES),NULL,82,400,35,ASSEMBLY HALL,15:30PM - 17:30PM,14-May-2013
4503,EPH464,B. ED. ( HPER),NULL,28,400,28,LECTURE THEATER,08:30AM - 10:30AM,20-May-2013
4504,EPH463,B. ED. ( HPER),NULL,45,400,45,FACULTY OF EDUCATION LECTURE THEATRE,12NOON - 14:00PM,13-May-2013
4505,ESS406,B. ED. ( SOC. STD.),NULL,72,400,42,FACULTY OF EDUCATION LECTURE THEATRE,15:30PM - 17:30PM,23-May-2013
4506,BCH402,B.SC. ( BIOCHEMISTRY),NULL,30,400,36,CAFETERIA ROOF TOP,12NOON - 14:00PM,20-May-2013
4507,COM404,B. COM.,NULL,196,400,47,FACULTY OF EDUCATION LECTURE THEATRE,12NOON - 14:00PM,23-May-2013
4508,MBB408,BSC ( MOL. BIO. AND BIOTECH.),NULL,79,400,33,ASSEMBLY HALL,08:30AM - 10:30AM,21-May-2013
4509,AEX404N,BSC. ( AGRIC. EXTENSION ),NULL,26,400,45,FACULTY OF EDUCATION LECTURE THEATRE,15:30PM - 17:30PM,08-May-2013
4510,MED416,MB Ch. B.,NULL,49,400,36,CAFETERIA ROOF TOP,08:30AM - 10:30AM,23-May-2013
4511,MED406,MB Ch. B.,NULL,49,400,19,LECTURE THEATER,15:30PM - 17:30PM,15-May-2013
4512,THS428,B. A. ( MUS. AND THEATRE STDS.),NULL,15,400,52,FACULTY OF EDUCATION LECTURE THEATRE,15:30PM - 17:30PM,07-May-2013
4513,ACR410N,BSC. ( AGRIC),NULL,11,400,43,FACULTY OF EDUCATION LECTURE THEATRE,12NOON - 14:00PM,21-May-2013
4514,MED404,MB Ch. B.,NULL,49,400,40,FACULTY OF EDUCATION LECTURE THEATRE,12NOON - 14:00PM,24-May-2013
4515,EMG405,B. ED. ( MANAGEMENT),NULL,213,400,32,"LARGE LECTURE THEATER ",15:30PM - 17:30PM,15-May-2013
4516,AFS421,B. A. ( AFRICAN STUDIES),NULL,41,400,45,FACULTY OF EDUCATION LECTURE THEATRE,08:30AM - 10:30AM,24-May-2013
4517,EHS438,B. ED. ( HEALTH SCIENCES),NULL,82,400,32,"LARGE LECTURE THEATER ",12NOON - 14:00PM,16-May-2013
4518,AEC407N,BSC. ( AGRIC),NULL,25,400,17,LECTURE THEATER,15:30PM - 17:30PM,14-May-2013
4519,ESC402,B. ED. ( SCIENCE),NULL,42,400,35,ASSEMBLY HALL,15:30PM - 17:30PM,09-May-2013
4520,EVT434,B. ED. ( HOME ECONS.),NULL,89,400,48,FACULTY OF EDUCATION LECTURE THEATRE,15:30PM - 17:30PM,23-May-2013
4521,PHL404,B. A. ( ARTS),NULL,20,400,19,LECTURE THEATER,12NOON - 14:00PM,20-May-2013
4522,ECE402,B. ED. ( EARLY CHILDHOOD EDUCATION),NULL,48,400,54,LECTURE THEATER,15:30PM - 17:30PM,22-May-2013
4523,BPS422,B. SC. (PSYCH),NULL,161,400,32,"LARGE LECTURE THEATER ",15:30PM - 17:30PM,13-May-2013
4524,EIN490,B. ED. ( BASIC EDUCATION),NULL,87,400,50,FACULTY OF EDUCATION LECTURE THEATRE,12NOON - 14:00PM,13-May-2013
4525,OPT402,OD. ( OPTOMETRY),NULL,12,400,45,FACULTY OF EDUCATION LECTURE THEATRE,15:30PM - 17:30PM,16-May-2013
4526,LAT410,BSC ( LAB. TECH),NULL,75,400,50,FACULTY OF EDUCATION LECTURE THEATRE,12NOON - 14:00PM,21-May-2013
4527,GEO437,B. A. ( SOCIAL SCIENCES),NULL,30,400,52,FACULTY OF EDUCATION LECTURE THEATRE,08:30AM - 10:30AM,07-May-2013
4528,MED498,MB Ch. B.,NULL,49,400,49,FACULTY OF EDUCATION LECTURE THEATRE,08:30AM - 10:30AM,08-May-2013
4529,INF404,BSC ( INFO. TECH.),NULL,37,400,35,ASSEMBLY HALL,15:30PM - 17:30PM,14-May-2013
4530,BCH410,B.SC. ( BIOCHEMISTRY),NULL,30,400,55,LECTURE THEATER,08:30AM - 10:30AM,17-May-2013
4531,EBS409,B. ED. ( BASIC. ED.),NULL,51,400,51,FACULTY OF EDUCATION LECTURE THEATRE,12NOON - 14:00PM,10-May-2013
4532,HUB418,BSC ( HUMAN BIOLOGY),NULL,66,400,40,FACULTY OF EDUCATION LECTURE THEATRE,15:30PM - 17:30PM,10-May-2013
4533,MED408,MB Ch. B.,NULL,49,400,44,FACULTY OF EDUCATION LECTURE THEATRE,15:30PM - 17:30PM,06-May-2013
4534,BPS424,B. SC. (PSYCH),NULL,50,400,40,FACULTY OF EDUCATION LECTURE THEATRE,08:30AM - 10:30AM,09-May-2013
4535,ECE406,B. ED. ( EARLY CHILDHOOD EDUCATION),NULL,48,400,48,FACULTY OF EDUCATION LECTURE THEATRE,15:30PM - 17:30PM,20-May-2013
4536,THS415,B. A. ( MUS. AND THEATRE STDS.),NULL,15,400,10,LECTURE THEATER,15:30PM - 17:30PM,17-May-2013
4537,MED412,MB Ch. B.,NULL,49,400,21,LECTURE THEATER,15:30PM - 17:30PM,13-May-2013
4538,INF408,BSC ( INFO. TECH.),NULL,37,400,48,FACULTY OF EDUCATION LECTURE THEATRE,15:30PM - 17:30PM,06-May-2013
4539,HUB414,BSC ( HUMAN BIOLOGY),NULL,66,400,44,FACULTY OF EDUCATION LECTURE THEATRE,08:30AM - 10:30AM,20-May-2013
4540,ENS410,B.SC ( ENV. SCIENCES),NULL,63,400,41,FACULTY OF EDUCATION LECTURE THEATRE,15:30PM - 17:30PM,13-May-2013
4541,ENS402A,B.SC ( ENV. SCIENCES),NULL,63,400,48,FACULTY OF EDUCATION LECTURE THEATRE,15:30PM - 17:30PM,15-May-2013
4542,EIN148,B. ED. ( BASIC EDUCATION),NULL,87,400,48,FACULTY OF EDUCATION LECTURE THEATRE,12NOON - 14:00PM,23-May-2013
4543,EPH441,B. ED. ( HPER),NULL,47,400,28,LECTURE THEATER,08:30AM - 10:30AM,24-May-2013
4544,BCH426,B.SC. ( BIOCHEMISTRY),NULL,23,400,49,FACULTY OF EDUCATION LECTURE THEATRE,15:30PM - 17:30PM,08-May-2013
4545,INF402,BSC ( INFO. TECH.),NULL,37,400,32,"LARGE LECTURE THEATER ",12NOON - 14:00PM,21-May-2013
4546,MBB414,BSC ( MOL. BIO. AND BIOTECH.),NULL,79,400,48,FACULTY OF EDUCATION LECTURE THEATRE,08:30AM - 10:30AM,14-May-2013
4547,BPS425,B. SC. (PSYCH),NULL,57,400,29,LECTURE THEATER,15:30PM - 17:30PM,10-May-2013
4548,MED414,MB Ch. B.,NULL,49,400,49,FACULTY OF EDUCATION LECTURE THEATRE,15:30PM - 17:30PM,14-May-2013
4549,MLT420A,BSC. ( MEDLAB),NULL,24,400,45,FACULTY OF EDUCATION LECTURE THEATRE,15:30PM - 17:30PM,15-May-2013
4550,BPS423,B. SC. (PSYCH),NULL,161,400,32,"LARGE LECTURE THEATER ",15:30PM - 17:30PM,07-May-2013
4551,INF406,BSC ( INFO. TECH.),NULL,37,400,52,FACULTY OF EDUCATION LECTURE THEATRE,12NOON - 14:00PM,09-May-2013
4552,HUB402,BSC ( HUMAN BIOLOGY),NULL,66,400,35,ASSEMBLY HALL,08:30AM - 10:30AM,13-May-2013
4553,EVT408,B. ED. ( HOME ECONS.),NULL,116,400,35,ASSEMBLY HALL,08:30AM - 10:30AM,20-May-2013
4554,EHS402,B. ED. ( HEALTH SCIENCES),NULL,82,400,32,"LARGE LECTURE THEATER ",12NOON - 14:00PM,21-May-2013
4555,ESS401,B. ED. ( SOC. SCI.),NULL,101,400,48,FACULTY OF EDUCATION LECTURE THEATRE,08:30AM - 10:30AM,16-May-2013
4556,EBS411,B. ED. ( BASIC. ED.),NULL,51,400,30,LECTURE THEATER,15:30PM - 17:30PM,16-May-2013
4557,LAT401B,BSC ( LAB. TECH),NULL,75,400,41,FACULTY OF EDUCATION LECTURE THEATRE,12NOON - 14:00PM,24-May-2013
4558,EIN463,B. ED. ( BASIC EDUCATION),NULL,87,400,49,FACULTY OF EDUCATION LECTURE THEATRE,08:30AM - 10:30AM,06-May-2013
4559,NUR431,BSC. ( NURSING),NULL,143,400,48,FACULTY OF EDUCATION LECTURE THEATRE,12NOON - 14:00PM,14-May-2013
4560,COM402,B. COM.,NULL,196,400,48,FACULTY OF EDUCATION LECTURE THEATRE,12NOON - 14:00PM,13-May-2013
4561,HUB410,BSC ( HUMAN BIOLOGY),NULL,66,400,50,FACULTY OF EDUCATION LECTURE THEATRE,15:30PM - 17:30PM,16-May-2013
4562,MED402,MB Ch. B.,NULL,49,400,24,LECTURE THEATER,12NOON - 14:00PM,21-May-2013
4563,BPS322,B. SC. (PSYCH),NULL,202,400,48,FACULTY OF EDUCATION LECTURE THEATRE,15:30PM - 17:30PM,06-May-2013
4564,BPS426,B. SC. (PSYCH),NULL,161,400,33,ASSEMBLY HALL,15:30PM - 17:30PM,14-May-2013
4565,AEN403N,BSC. ( AGRIC),NULL,115,400,32,"LARGE LECTURE THEATER ",15:30PM - 17:30PM,23-May-2013
4566,FRE206,B. A. ( ARTS),NULL,1,200,55,LECTURE THEATER,12NOON - 14:00PM,20-May-2013
4567,ACT212,BSC. ( ACTUARIAL SCI.),NULL,15,200,55,LECTURE THEATER,12NOON - 14:00PM,20-May-2013
4568,EAS210,B. ED. ( ARTS),NULL,8,200,5,LECTURE THEATER,15:30PM - 17:30PM,21-May-2013
4569,EVT222,B. ED. ( HOME ECONS.),NULL,19,200,5,LECTURE THEATER,15:30PM - 17:30PM,21-May-2013
4570,OPT210,OD. ( OPTOMETRY),NULL,9,200,7,LECTURE THEATER,12NOON - 14:00PM,17-May-2013
4571,ANT204,B.A. ( ANTHROPOLOGY),NULL,13,200,7,LECTURE THEATER,12NOON - 14:00PM,17-May-2013
4572,GAD201B,B. A. ( SOCIAL SCIENCES),NULL,4,200,7,LECTURE THEATER,12NOON - 14:00PM,17-May-2013
4573,EIN236,B. ED. ( BASIC EDUCATION),NULL,2,200,42,FACULTY OF EDUCATION LECTURE THEATRE,08:30AM - 10:30AM,23-May-2013
4574,NUR202,BSC. ( NURSING),NULL,181,200,32,"LARGE LECTURE THEATER ",08:30AM - 10:30AM,17-May-2013
4575,EBS211,B. ED. ( BASIC. ED.),NULL,55,200,32,"LARGE LECTURE THEATER ",08:30AM - 10:30AM,17-May-2013
4576,INF202,BSC ( INFO. TECH.),NULL,35,200,32,"LARGE LECTURE THEATER ",08:30AM - 10:30AM,17-May-2013
4577,ESS217,B. ED. ( SOC. SCI.),NULL,90,200,32,"LARGE LECTURE THEATER ",08:30AM - 10:30AM,17-May-2013
4578,BPS224,B. SC. (PSYCH),NULL,168,200,32,"LARGE LECTURE THEATER ",08:30AM - 10:30AM,17-May-2013
4579,INF210,BSC ( INFO. TECH.),NULL,36,200,47,FACULTY OF EDUCATION LECTURE THEATRE,08:30AM - 10:30AM,09-May-2013
4580,CTN202,BSC ( INDUSTRIAL CHEMISTRY),NULL,29,200,47,FACULTY OF EDUCATION LECTURE THEATRE,08:30AM - 10:30AM,09-May-2013
4581,EPH243,B. ED. ( HPER),NULL,43,200,47,FACULTY OF EDUCATION LECTURE THEATRE,08:30AM - 10:30AM,09-May-2013
4582,AEC202N,BSC. ( AGRIC),NULL,99,200,47,FACULTY OF EDUCATION LECTURE THEATRE,08:30AM - 10:30AM,09-May-2013
4583,LAT207,BSC ( LAB. TECH),NULL,34,200,43,FACULTY OF EDUCATION LECTURE THEATRE,08:30AM - 10:30AM,24-May-2013
4584,MED210,MB Ch. B.,NULL,54,200,34,"ASSEMBLY HALL ",15:30PM - 17:30PM,20-May-2013
4585,ANT202,B.A. ( ANTHROPOLOGY),NULL,13,200,34,"ASSEMBLY HALL ",15:30PM - 17:30PM,20-May-2013
4586,EVT214,B. ED. ( HOME ECONS.),NULL,66,200,50,FACULTY OF EDUCATION LECTURE THEATRE,08:30AM - 10:30AM,23-May-2013
4587,ESS218,B. ED. ( SOC. SCI.),NULL,16,200,43,FACULTY OF EDUCATION LECTURE THEATRE,08:30AM - 10:30AM,24-May-2013
4588,ESC214,B. ED. ( SCIENCE),NULL,30,200,50,FACULTY OF EDUCATION LECTURE THEATRE,08:30AM - 10:30AM,23-May-2013
4589,MED299,MB Ch. B.,NULL,54,200,19,LECTURE THEATER,15:30PM - 17:30PM,24-May-2013
4590,POH202,BA ( POP. & HEALTH.),NULL,44,200,46,FACULTY OF EDUCATION LECTURE THEATRE,12NOON - 14:00PM,21-May-2013
4591,ECE204,B. ED. ( EARLY CHILDHOOD EDUCATION),NULL,51,200,46,FACULTY OF EDUCATION LECTURE THEATRE,12NOON - 14:00PM,21-May-2013
4592,ESS213,B. ED. ( SOC. STD.),NULL,46,200,45,FACULTY OF EDUCATION LECTURE THEATRE,08:30AM - 10:30AM,14-May-2013
4593,MED208,MB Ch. B.,NULL,54,200,35,ASSEMBLY HALL,08:30AM - 10:30AM,07-May-2013
4594,EBS216,B. ED. ( BASIC. ED.),NULL,18,200,35,ASSEMBLY HALL,08:30AM - 10:30AM,07-May-2013
4595,EIN223,B. ED. ( BASIC EDUCATION),NULL,14,200,46,FACULTY OF EDUCATION LECTURE THEATRE,12NOON - 14:00PM,21-May-2013
4596,CWS210,BSC. ( WATER AND SANITATION),NULL,3,200,34,"ASSEMBLY HALL ",15:30PM - 17:30PM,20-May-2013
4597,EHS242N,B. ED. ( HEALTH SCIENCES),NULL,2,200,7,LECTURE THEATER,12NOON - 14:00PM,17-May-2013
4598,EBS213,B. ED. ( BASIC. ED.),NULL,55,200,41,FACULTY OF EDUCATION LECTURE THEATRE,08:30AM - 10:30AM,15-May-2013
4599,EHS232N,B. ED. ( HEALTH SCIENCES),NULL,6,200,41,FACULTY OF EDUCATION LECTURE THEATRE,08:30AM - 10:30AM,15-May-2013
4600,CTN208,BSC ( INDUSTRIAL CHEMISTRY),NULL,29,200,41,FACULTY OF EDUCATION LECTURE THEATRE,08:30AM - 10:30AM,15-May-2013
4601,SOC204K,EXCHANGE PROGRAMME,NULL,1,200,41,FACULTY OF EDUCATION LECTURE THEATRE,08:30AM - 10:30AM,15-May-2013
4602,GHL210G,B. A. ( ARTS),NULL,6,200,41,FACULTY OF EDUCATION LECTURE THEATRE,08:30AM - 10:30AM,15-May-2013
4603,CHE209,BSC. ( CHEMISTRY),NULL,1,200,41,FACULTY OF EDUCATION LECTURE THEATRE,08:30AM - 10:30AM,15-May-2013
4604,EAS216E,B. ED. ( ARTS),NULL,2,200,41,FACULTY OF EDUCATION LECTURE THEATRE,08:30AM - 10:30AM,15-May-2013
4605,MAS206,B. A. ( COMM. STUDIES ),NULL,41,200,36,CAFETERIA ROOF TOP,12NOON - 14:00PM,14-May-2013
4606,AFS202,B. A. ( AFRICAN STUDIES),NULL,47,200,36,CAFETERIA ROOF TOP,12NOON - 14:00PM,14-May-2013
4607,EBS218,B. ED. ( BASIC. ED.),NULL,9,200,36,CAFETERIA ROOF TOP,12NOON - 14:00PM,14-May-2013
4608,HIS201,B. A. ( AFRICAN STUDIES),NULL,1,200,36,CAFETERIA ROOF TOP,12NOON - 14:00PM,14-May-2013
4609,HTM204,B. ED. ( HOME ECONS.),NULL,1,200,36,CAFETERIA ROOF TOP,12NOON - 14:00PM,14-May-2013
4610,ESC220,B. ED. ( SCIENCE),NULL,4,200,36,CAFETERIA ROOF TOP,12NOON - 14:00PM,14-May-2013
4611,ACD203,BSC. ( AGRIC. EXTENSION ),NULL,29,200,45,FACULTY OF EDUCATION LECTURE THEATRE,12NOON - 14:00PM,06-May-2013
4612,ESS233,B. ED. ( ARTS),NULL,1,200,36,CAFETERIA ROOF TOP,12NOON - 14:00PM,14-May-2013
4613,ACT214,BSC. ( ACTUARIAL SCI.),NULL,15,200,45,FACULTY OF EDUCATION LECTURE THEATRE,12NOON - 14:00PM,06-May-2013
4614,EHS262N,B. ED. ( HEALTH SCIENCES),NULL,10,200,45,FACULTY OF EDUCATION LECTURE THEATRE,12NOON - 14:00PM,06-May-2013
4615,GHL208G,B. A. ( ARTS),NULL,6,200,45,FACULTY OF EDUCATION LECTURE THEATRE,12NOON - 14:00PM,06-May-2013
4616,EVT224,B. ED. ( HOME ECONS.),NULL,19,200,38,CAFETERIA ROOF TOP,15:30PM - 17:30PM,24-May-2013
4617,ACR201N,BSC. ( AGRIC. EXTENSION ),NULL,29,200,38,CAFETERIA ROOF TOP,15:30PM - 17:30PM,24-May-2013
4618,CTN203,BSC ( INDUSTRIAL CHEMISTRY),NULL,29,200,42,FACULTY OF EDUCATION LECTURE THEATRE,08:30AM - 10:30AM,23-May-2013
4619,NUR102,BSC. ( NURSING),NULL,58,200,42,FACULTY OF EDUCATION LECTURE THEATRE,08:30AM - 10:30AM,23-May-2013
4620,OPT204,OD. ( OPTOMETRY),NULL,9,200,42,FACULTY OF EDUCATION LECTURE THEATRE,08:30AM - 10:30AM,23-May-2013
4621,HIS203,B. A. ( AFRICAN STUDIES),NULL,2,200,42,FACULTY OF EDUCATION LECTURE THEATRE,08:30AM - 10:30AM,23-May-2013
4622,CTN204,BSC ( INDUSTRIAL CHEMISTRY),NULL,29,200,34,"ASSEMBLY HALL ",08:30AM - 10:30AM,13-May-2013
4623,EBS202,B. ED. ( BASIC. ED.),NULL,12,200,34,"ASSEMBLY HALL ",08:30AM - 10:30AM,13-May-2013
4624,MED202,MB Ch. B.,NULL,54,200,34,"ASSEMBLY HALL ",08:30AM - 10:30AM,13-May-2013
4625,EBS206,B. ED. ( BASIC. ED.),NULL,6,200,19,LECTURE THEATER,15:30PM - 17:30PM,24-May-2013
4626,BPS222,B. SC. (PSYCH),NULL,168,200,35,ASSEMBLY HALL,08:30AM - 10:30AM,07-May-2013
4627,EAS215,B. ED. ( ARTS),NULL,8,200,52,FACULTY OF EDUCATION LECTURE THEATRE,12NOON - 14:00PM,10-May-2013
4628,EAS214,B. ED. ( ARTS),NULL,20,200,12,LECTURE THEATER,12NOON - 14:00PM,22-May-2013
4629,ECE202,B. ED. ( EARLY CHILDHOOD EDUCATION),NULL,51,200,49,FACULTY OF EDUCATION LECTURE THEATRE,12NOON - 14:00PM,14-May-2013
4630,LIN202,B. A. ( ARTS),NULL,24,200,35,ASSEMBLY HALL,08:30AM - 10:30AM,07-May-2013
4631,EHS206N,B. ED. ( HEALTH SCIENCES),NULL,40,200,49,FACULTY OF EDUCATION LECTURE THEATRE,12NOON - 14:00PM,14-May-2013
4632,NUR226,BSC. ( NURSING),NULL,41,200,47,FACULTY OF EDUCATION LECTURE THEATRE,08:30AM - 10:30AM,22-May-2013
4633,CWS212,BSC. ( WATER AND SANITATION),NULL,33,200,47,FACULTY OF EDUCATION LECTURE THEATRE,08:30AM - 10:30AM,22-May-2013
4634,CTN210,BSC ( INDUSTRIAL CHEMISTRY),NULL,29,200,49,FACULTY OF EDUCATION LECTURE THEATRE,12NOON - 14:00PM,14-May-2013
4635,EVT213,B. ED. ( HOME ECONS.),NULL,82,200,47,FACULTY OF EDUCATION LECTURE THEATRE,08:30AM - 10:30AM,22-May-2013
4636,NUR218,BSC. ( NURSING),NULL,41,200,52,FACULTY OF EDUCATION LECTURE THEATRE,12NOON - 14:00PM,10-May-2013
4637,LIN204,B. A. ( ARTS),NULL,24,200,47,FACULTY OF EDUCATION LECTURE THEATRE,08:30AM - 10:30AM,22-May-2013
4638,OPT208,OD. ( OPTOMETRY),NULL,9,200,14,LECTURE THEATER,08:30AM - 10:30AM,08-May-2013
4639,INF208,BSC ( INFO. TECH.),NULL,35,200,41,FACULTY OF EDUCATION LECTURE THEATRE,08:30AM - 10:30AM,15-May-2013
4640,NUR220,BSC. ( NURSING),NULL,41,200,28,LECTURE THEATER,15:30PM - 17:30PM,16-May-2013
4641,CLA314,B. A. ( ARTS),NULL,14,300,33,ASSEMBLY HALL,15:30PM - 17:30PM,17-May-2013
4642,AFS322,B. A. ( AFRICAN STUDIES),NULL,13,300,29,LECTURE THEATER,12NOON - 14:00PM,09-May-2013
4643,CWS206,BSC. ( WATER AND SANITATION),NULL,21,200,43,FACULTY OF EDUCATION LECTURE THEATRE,15:30PM - 17:30PM,24-May-2013
4644,NUR232,BSC. ( NURSING),NULL,41,200,35,ASSEMBLY HALL,12NOON - 14:00PM,07-May-2013
4645,ECE206,B. ED. ( EARLY CHILDHOOD EDUCATION),NULL,51,200,35,ASSEMBLY HALL,12NOON - 14:00PM,07-May-2013
4646,EVT211,B. ED. ( HOME ECONS.),NULL,82,200,32,"LARGE LECTURE THEATER ",08:30AM - 10:30AM,16-May-2013
4647,EPH247,B. ED. ( HPER),NULL,43,200,35,ASSEMBLY HALL,12NOON - 14:00PM,07-May-2013
4648,AGN298N,BSC. ( AGRIC),NULL,102,200,35,ASSEMBLY HALL,12NOON - 14:00PM,07-May-2013
4649,MLT211B,BSC. ( MEDLAB),NULL,63,200,36,CAFETERIA ROOF TOP,12NOON - 14:00PM,14-May-2013
4650,EPH261,B. ED. ( HPER),NULL,44,200,18,LECTURE THEATER,08:30AM - 10:30AM,14-May-2013
4651,NUR228,BSC. ( NURSING),NULL,41,200,51,FACULTY OF EDUCATION LECTURE THEATRE,08:30AM - 10:30AM,15-May-2013
4652,FRE316,B. A. ( ARTS),NULL,1,300,28,LECTURE THEATER,15:30PM - 17:30PM,15-May-2013
4653,HIS309,B. A. ( ARTS),NULL,9,300,38,CAFETERIA ROOF TOP,15:30PM - 17:30PM,23-May-2013
4654,BPS323,B. SC. (PSYCH),NULL,39,300,48,FACULTY OF EDUCATION LECTURE THEATRE,15:30PM - 17:30PM,22-May-2013
4655,OPT310,OD. ( OPTOMETRY),NULL,35,300,48,FACULTY OF EDUCATION LECTURE THEATRE,12NOON - 14:00PM,15-May-2013
4656,ENP306,B.SC ( ENG. PHYSICS),NULL,7,300,50,FACULTY OF EDUCATION LECTURE THEATRE,08:30AM - 10:30AM,21-May-2013
4657,INF306,BSC ( INFO. TECH.),NULL,32,300,49,FACULTY OF EDUCATION LECTURE THEATRE,12NOON - 14:00PM,24-May-2013
4658,ESC399,B. ED. ( SCIENCE),NULL,40,300,42,FACULTY OF EDUCATION LECTURE THEATRE,08:30AM - 10:30AM,17-May-2013
4659,MUD314,BACHELOR OF MUSIC,NULL,1,300,43,FACULTY OF EDUCATION LECTURE THEATRE,08:30AM - 10:30AM,24-May-2013
4660,EBS214,B. ED. ( BASIC. ED.),NULL,16,200,4,LECTURE THEATER,15:30PM - 17:30PM,06-May-2013
4661,MLT215,BSC. ( MEDLAB),NULL,63,200,40,FACULTY OF EDUCATION LECTURE THEATRE,15:30PM - 17:30PM,13-May-2013
